Unity Editor version:    6000.5.1f1 (0d9463e84828)
Branch:                  6000.5/staging
Build type:              Release
Batch mode:              YES
macOS version:           Version 15.6 (Build 24G84)
Darwin version:          24.6.0
Architecture:            arm64
Running under Rosetta:   NO
Available memory:        49152 MB
Date:                    2026-09-15T07:25:04Z
[Licensing::Module] Trying to connect to existing licensing client channel...
[Licensing::IpcConnector] Successfully connected to: "LicenseClient-maxallison" at "2026-09-15T07:25:04.620246Z"

COMMAND LINE ARGUMENTS:
/Applications/Unity/Hub/Editor/6000.5.1f1/Unity.app/Contents/MacOS/Unity
-adb2
-batchMode
-noUpm
-name
AssetImportWorkerHW1
-projectPath
/Users/maxallison/Documents/GitHub/tac-380-Prototype-2
-logFile
Logs/AssetImportWorkerHW1.log
-srvPort
56260
-parentPid
12634
-analyticsCloudUserId
1374419531212
-analyticsCloudProjectId
ea04a465-9859-462b-87dd-d272f7fc32ab
-analyticsLocalProjectId
86f017c1a29dd43949425c909191afc8
-licensingIpc
LicenseClient-maxallison
-noDiagnosticSwitchPersistentStore
-job-worker-count
6
-background-job-worker-count
8
-asset-garbage-collectors
1
-force-metal
-name AssetImport
Successfully changed project path to: /Users/maxallison/Documents/GitHub/tac-380-Prototype-2
/Users/maxallison/Documents/GitHub/tac-380-Prototype-2
[UnityMemory] Configuration Parameters - Can be set up in boot.config
    "memorysetup-temp-allocator-size-gi-baking-worker=262144"
    "memorysetup-temp-allocator-size-gi-baking-worker=262144"
    "memorysetup-temp-allocator-size-gi-baking-worker=262144"
    "memorysetup-temp-allocator-size-gi-baking-worker=262144"
    "memorysetup-temp-allocator-size-gi-baking-worker=262144"
    "memorysetup-temp-allocator-size-nav-mesh-worker=65536"
    "memorysetup-temp-allocator-size-audio-worker=65536"
    "memorysetup-temp-allocator-size-cloud-worker=32768"
    "memorysetup-allocator-temp-initial-block-size-main=262144"
    "memorysetup-allocator-temp-initial-block-size-worker=262144"
    "memorysetup-temp-allocator-size-preload-manager=33554432"
    "memorysetup-temp-allocator-size-gfx=262144"
    "memorysetup-temp-allocator-size-background-worker=32768"
    "memorysetup-temp-allocator-size-job-worker=262144"
    "memorysetup-bucket-allocator-granularity=16"
    "memorysetup-bucket-allocator-bucket-count=8"
    "memorysetup-bucket-allocator-block-size=33554432"
    "memorysetup-bucket-allocator-block-count=8"
    "memorysetup-main-allocator-block-size=16777216"
    "memorysetup-thread-allocator-block-size=16777216"
    "memorysetup-main-allocator-mimalloc-enabled=0"
    "memorysetup-gfx-main-allocator-block-size=16777216"
    "memorysetup-gfx-thread-allocator-block-size=16777216"
    "memorysetup-cache-allocator-block-size=4194304"
    "memorysetup-typetree-allocator-block-size=2097152"
    "memorysetup-profiler-bucket-allocator-granularity=16"
    "memorysetup-profiler-bucket-allocator-bucket-count=8"
    "memorysetup-profiler-bucket-allocator-block-size=33554432"
    "memorysetup-profiler-bucket-allocator-block-count=8"
    "memorysetup-profiler-allocator-block-size=16777216"
    "memorysetup-profiler-editor-allocator-block-size=1048576"
    "memorysetup-temp-allocator-size-main=16777216"
    "memorysetup-job-temp-allocator-block-size=2097152"
    "memorysetup-job-temp-allocator-block-size-background=1048576"
    "memorysetup-job-temp-allocator-reduction-small-platforms=262144"
Player connection [8533532864]  Target information:

Player connection [8533532864]  * "[IP] 10.23.206.191 [Port] 0 [Flags] 2 [Guid] 416870157 [EditorId] 416870157 [Version] 1048832 [Id] OSXEditor(0,Maxs-MacBook-Pro.local) [Debug] 1 [PackageName] OSXEditor [ProjectName] Editor" 

Player connection [8533532864] Host joined multi-casting on [225.0.0.222:54997]...
Player connection [8533532864] Host joined alternative multi-casting on [225.0.0.222:34997]...
JobSystem: Creating JobQueue using job-worker-count value 6
Input System module state changed to: Initialized.
[Physics::Module] Initialized fallback backend.
[Physics::Module] Id: 0xdecafbad
Library Redirect Path: Library/
[Physics::Module] Selected backend.
[Physics::Module] Name: PhysX
[Physics::Module] Id: 0xf2b8ea05
[Physics::Module] SDK Version: 4.1.2
[Physics::Module] Integration Version: 1.0.0
[Physics::Module] Threading Mode: Multi-Threaded
Initialize engine version: 6000.5.1f1 (0d9463e84828)
[Subsystems] Discovering subsystems at path /Applications/Unity/Hub/Editor/6000.5.1f1/Unity.app/Contents/Resources/UnitySubsystems
[Subsystems] Discovering subsystems at path /Users/maxallison/Documents/GitHub/tac-380-Prototype-2/Assets
Forcing GfxDevice: Metal
GfxDevice: creating device client; kGfxThreadingModeNonThreaded
 preferred device: Apple M4 Pro (high power)
Metal devices available: 1
0: Apple M4 Pro (high power)
Using device Apple M4 Pro (high power)
Initializing Metal device caps: Apple M4 Pro
Mac GPU Family: 2
Apple GPU Family: 9
MSL Version: 3.0
Has Float MSAA: 1
Has Float Filtering: 1
ReadWrite Texture Tier: 2
[Licensing::Client] Handshaking with LicensingClient:
  Version:                 1.18.3+d7ffd15
  Session Id:              7691e89e85bc45a4b3ae4d373d13e2ae
  Correlation Id:          19b9ce57cee4f1cc9790e9b59c92efb1
  External correlation Id: 2858938537153851077
  Machine Id:              5PZ6Do2HgZJx38Om1NtxKwF/mIA=
[Licensing::Module] Successfully connected to LicensingClient on channel: "LicenseClient-maxallison" (connect: 0.00s, validation: 0.00s, handshake: 0.23s)
[Licensing::IpcConnector] Successfully connected to: "LicenseClient-maxallison-notifications" at "2026-09-15T07:25:04.851807Z"
[Licensing::Module] Licensing Background thread has ended after 0.23s
Initialize mono
Mono path[0] = '/Applications/Unity/Hub/Editor/6000.5.1f1/Unity.app/Contents/Resources/Scripting/Managed'
Mono path[1] = '/Applications/Unity/Hub/Editor/6000.5.1f1/Unity.app/Contents/Resources/Scripting/BCLExtensions/runtime/netstandard2.1'
Mono path[2] = '/Applications/Unity/Hub/Editor/6000.5.1f1/Unity.app/Contents/Resources/Scripting/MonoBleedingEdge/lib/mono/unityjit-macos'
Mono config path = '/Applications/Unity/Hub/Editor/6000.5.1f1/Unity.app/Contents/Resources/Scripting/MonoBleedingEdge/etc'
Using monoOptions --debugger-agent=transport=dt_socket,embedding=1,server=y,suspend=n,address=127.0.0.1:56709
CodeReloadManager initialized
Begin MonoManager ReloadAssembly
Registering precompiled unity dll's ...
Register platform support module: /Applications/Unity/Hub/Editor/6000.5.1f1/PlaybackEngines/MacStandaloneSupport/UnityEditor.OSXStandalone.Extensions.dll
Registered in 0.000309 seconds.
Native extension for OSXStandalone target not found
Package Manager log level set to [2]
[Package Manager] Failed to launch server process. Reason: Unity was launched with the -noUpm command-line argument
[Package Manager] Unable to send message (not connected to server process).
[Package Manager] Cannot connect to Unity Package Manager local server
ScheduleIndexationOnStartup MainProcess:False IndexOnStartup:True
Mono: successfully reloaded assembly
- Finished resetting the current domain, in  0.210 seconds
Domain Reload Profiling: 455ms
	BeginReloadAssembly (40ms)
	RebuildCommonClasses (3ms)
	RebuildNativeTypeToScriptingClass (10ms)
	initialDomainReloadingComplete (27ms)
	LoadAllAssembliesAndSetupDomain (164ms)
		LoadAssemblies (40ms)
		AnalyzeDomain (124ms)
			TypeCache.Refresh (124ms)
				TypeCache.ScanAssembly (115ms)
	FinalizeReload (210ms)
		SetupLoadedEditorAssemblies (0ms)
			BeforeProcessingInitializeOnLoad (48ms)
			ProcessInitializeOnLoadAttributes (54ms)
			ProcessInitializeOnLoadMethodAttributes (61ms)
Initializing Unity extensions:
[Licensing::Client] Successfully resolved entitlement details
[Licensing::Module] License group:
  Id: 1374419531212-UnityPersXXXX
  Product: Unity Personal
  Type: Assigned
  Expiration: Unlimited
[CoreBusinessMetrics] Unexpected thread when updating session info.
Curl error 3: URL rejected: Error
========================================================================
Worker process is ready to serve import requests
Import Worker Mode flag is 0x00
Begin MonoManager ReloadAssembly
Native extension for OSXStandalone target not found
[Package Manager] Failed to launch server process. Reason: Unity was launched with the -noUpm command-line argument
[Package Manager] Unable to send message (not connected to server process).
[Package Manager] Cannot connect to Unity Package Manager local server
[Package Manager] Failed to launch server process. Reason: Unity was launched with the -noUpm command-line argument
[Package Manager] Unable to send message (not connected to server process).
[Package Manager] Cannot connect to Unity Package Manager local server
ScheduleIndexationOnStartup MainProcess:False IndexOnStartup:True
Mono: successfully reloaded assembly
- Finished resetting the current domain, in  0.546 seconds
Domain Reload Profiling: 990ms
	BeginReloadAssembly (85ms)
		DisableScriptedObjects (3ms)
		CreateAndSetChildDomain (22ms)
	RebuildCommonClasses (5ms)
	RebuildNativeTypeToScriptingClass (10ms)
	initialDomainReloadingComplete (22ms)
	LoadAllAssembliesAndSetupDomain (320ms)
		LoadAssemblies (127ms)
		AnalyzeDomain (161ms)
			TypeCache.Refresh (120ms)
				TypeCache.ScanAssembly (110ms)
			BuildScriptInfoCaches (35ms)
			ResolveRequiredComponents (4ms)
	FinalizeReload (547ms)
		SetupLoadedEditorAssemblies (0ms)
			BeforeProcessingInitializeOnLoad (55ms)
			ProcessInitializeOnLoadAttributes (255ms)
			ProcessInitializeOnLoadMethodAttributes (132ms)
AcceleratorClientConnectionCallback - disconnected - :0
WARNING: Shader Unsupported: 'Universal Render Pipeline/VR/SpatialMapping/Wireframe' - All subshaders removed
WARNING: Shader Did you use #pragma only_renderers and omit this platform?
WARNING: Shader If subshaders removal was intentional, you may have forgotten turning Fallback off?
Shader Hidden/ChartRasterizerHardware is not supported: GPU does not support conservative rasterization
Shader Hidden/ChartRasterizerHardware is not supported: GPU does not support conservative rasterization
Launching external process: /Applications/Unity/Hub/Editor/6000.5.1f1/Unity.app/Contents/Helpers/UnityShaderCompiler
Launched and connected shader compiler UnityShaderCompiler after 0.02 seconds
Curl error 3: URL rejected: Error
Unloading 81 Unused Serialized files (Serialized files now loaded: 0)
Unloading 7220 unused Assets / (13.6 MB). Loaded Objects now: 7986.
Memory consumption went from 186.9 MB to 173.3 MB.
Total: 9.182625 ms (FindLiveObjects: 0.280292 ms CreateObjectMapping: 1.320208 ms MarkObjects: 4.331500 ms  DeleteObjects: 3.250083 ms)

========================================================================
Received Import Request.
  Time of request: 2026-09-15T07:42:53.547493Z
  Time since last request: 23625.90844199999992 seconds.
  importAddress: GUID: e73a58f6e2794ae7b1b7e50b7fb811b0 - Path: Assets/TextMesh Pro/Resources/Fonts & Materials/LiberationSans SDF - Drop Shadow.mat - Importer: PreviewImporter
Importing 'GUID: e73a58f6e2794ae7b1b7e50b7fb811b0 - Path: Assets/TextMesh Pro/Resources/Fonts & Materials/LiberationSans SDF - Drop Shadow.mat - Importer: PreviewImporter' with importer (PreviewImporter)
Imported 'GUID: e73a58f6e2794ae7b1b7e50b7fb811b0' -> (Import Result ID: '493850ef5ab25c194f1b3e9bd9e37e74') in 0.353 seconds [static and dynamic dependencies]. Details - ImportResultOutputID=678ec698cc26fd3f6716a3db9ac1db3f DependenciesID=559aed5b8131c1839c62d9db0ad8451b StaticDependenciesID=782bae642399437759366ce7b59b5e69 
Number of updated asset objects reloaded before import = 0
Number of asset objects unloaded after import = 4
========================================================================
Received Import Request.
  Time of request: 2026-09-15T07:42:53.90878Z
  Time since last request: 0.0000465 seconds.
  importAddress: GUID: 8f586378b4e144a9851e7b34d9b748ee - Path: Assets/TextMesh Pro/Resources/Fonts & Materials/LiberationSans SDF.asset - Importer: PreviewImporter
Importing 'GUID: 8f586378b4e144a9851e7b34d9b748ee - Path: Assets/TextMesh Pro/Resources/Fonts & Materials/LiberationSans SDF.asset - Importer: PreviewImporter' with importer (PreviewImporter)
Imported 'GUID: 8f586378b4e144a9851e7b34d9b748ee' -> (Import Result ID: '0bb637af950c538ccec38cc765ab67ff') in 0.022 seconds [static and dynamic dependencies]. Details - ImportResultOutputID=8ec64d64eb7213a93d63c8143899a255 DependenciesID=e24f3502b2b15cca5c596d398f47489a StaticDependenciesID=109506638a54ea4a9696f3f1d56ae70d 
Number of updated asset objects reloaded before import = 0
Number of asset objects unloaded after import = 9
========================================================================
Received Prepare
AcceleratorClientConnectionCallback - disconnected - :0
WARNING: Shader Unsupported: 'Universal Render Pipeline/VR/SpatialMapping/Wireframe' - All subshaders removed
WARNING: Shader Did you use #pragma only_renderers and omit this platform?
WARNING: Shader If subshaders removal was intentional, you may have forgotten turning Fallback off?
Shader Hidden/ChartRasterizerHardware is not supported: GPU does not support conservative rasterization
Unloading 80 Unused Serialized files (Serialized files now loaded: 0)
Unloading 80 unused Assets / (5.9 MB). Loaded Objects now: 8126.
Memory consumption went from 185.0 MB to 179.1 MB.
Total: 6.068500 ms (FindLiveObjects: 0.205250 ms CreateObjectMapping: 0.438000 ms MarkObjects: 4.241916 ms  DeleteObjects: 1.183041 ms)

Prepare: number of updated asset objects reloaded= 0
========================================================================
Received Import Request.
  Time of request: 2026-09-15T07:43:00.653194Z
  Time since last request: 6.715454792 seconds.
  importAddress: GUID: 6b364109696564d75bc165ea83208e29 - Path: Assets/Materials/AimLineMaterial.mat - Importer: ScriptedImporter/UnityEditor.QuickSearchModule:UnityEditor.Search:ASIAI0B
Importing 'GUID: 6b364109696564d75bc165ea83208e29 - Path: Assets/Materials/AimLineMaterial.mat - Importer: ScriptedImporter/UnityEditor.QuickSearchModule:UnityEditor.Search:ASIAI0B' with importer (ScriptedImporter : UnityEditor.QuickSearchModule:UnityEditor.Search:ASIAI0B)
Imported 'GUID: 6b364109696564d75bc165ea83208e29' -> (Import Result ID: 'ba6e526a31d25a661116decc741dd4da') in 0.041 seconds [static and dynamic dependencies]. Details - ImportResultOutputID=a57ca248defe5229bdf14b6691805eb9 DependenciesID=e3e8c901b3d381fb96e303d823d695c7 StaticDependenciesID=0f432b663d8ca06d825359f1fd92fcac 
Number of updated asset objects reloaded before import = 0
Number of asset objects unloaded after import = 2
========================================================================
Received Prepare
AcceleratorClientConnectionCallback - disconnected - :0
[Licensing::Client] Successfully resolved entitlement details
Begin MonoManager ReloadAssembly
Thread 0x34babb000 may have been prematurely finalized
<CFData 0x112f81f60 [0x1fde47f00]>{length = 6, capacity = 6, bytes = 0x842f57769bc4}
Native extension for OSXStandalone target not found
[Package Manager] Failed to launch server process. Reason: Unity was launched with the -noUpm command-line argument
[Package Manager] Unable to send message (not connected to server process).
[Package Manager] Cannot connect to Unity Package Manager local server
[Package Manager] Failed to launch server process. Reason: Unity was launched with the -noUpm command-line argument
[Package Manager] Unable to send message (not connected to server process).
[Package Manager] Cannot connect to Unity Package Manager local server
ScheduleIndexationOnStartup MainProcess:False IndexOnStartup:True
Mono: successfully reloaded assembly
- Finished resetting the current domain, in  0.462 seconds
Domain Reload Profiling: 914ms
	BeginReloadAssembly (122ms)
		DisableScriptedObjects (11ms)
		CreateAndSetChildDomain (44ms)
	RebuildCommonClasses (5ms)
	RebuildNativeTypeToScriptingClass (9ms)
	initialDomainReloadingComplete (22ms)
	LoadAllAssembliesAndSetupDomain (293ms)
		LoadAssemblies (144ms)
		AnalyzeDomain (115ms)
			TypeCache.Refresh (8ms)
			BuildScriptInfoCaches (101ms)
			ResolveRequiredComponents (4ms)
	FinalizeReload (463ms)
		SetupLoadedEditorAssemblies (0ms)
			BeforeProcessingInitializeOnLoad (53ms)
			ProcessInitializeOnLoadAttributes (218ms)
			ProcessInitializeOnLoadMethodAttributes (60ms)
		AwakeInstancesAfterBackupRestoration (9ms)
WARNING: Shader Unsupported: 'Universal Render Pipeline/VR/SpatialMapping/Wireframe' - All subshaders removed
WARNING: Shader Did you use #pragma only_renderers and omit this platform?
WARNING: Shader If subshaders removal was intentional, you may have forgotten turning Fallback off?
Shader Hidden/ChartRasterizerHardware is not supported: GPU does not support conservative rasterization
Unloading 80 Unused Serialized files (Serialized files now loaded: 0)
Unloading 7218 unused Assets / (12.4 MB). Loaded Objects now: 8057.
Memory consumption went from 205.5 MB to 193.0 MB.
Total: 10.290833 ms (FindLiveObjects: 0.367792 ms CreateObjectMapping: 1.557917 ms MarkObjects: 3.846000 ms  DeleteObjects: 4.518833 ms)

Prepare: number of updated asset objects reloaded= 0
========================================================================
Received Import Request.
  Time of request: 2026-09-15T07:46:42.332798Z
  Time since last request: 221.62712887500001 seconds.
  importAddress: GUID: 59dcabc40febc478da9d8d2e073e3fff - Path: Assets/Scripts/FishermanController.cs - Importer: PreviewImporter
Importing 'GUID: 59dcabc40febc478da9d8d2e073e3fff - Path: Assets/Scripts/FishermanController.cs - Importer: PreviewImporter' with importer (PreviewImporter)
Imported 'GUID: 59dcabc40febc478da9d8d2e073e3fff' -> (Import Result ID: '16da596e2952240b4f9fd5770abd47e4') in 0.001 seconds [static and dynamic dependencies]. Details - ImportResultOutputID=9e8cb0988049d8eea6a50d937b67f098 DependenciesID=ddba22a870781ee85a68557b484357f9 StaticDependenciesID=21ce8502e3295dba30ac717e6bc5921c 
Number of updated asset objects reloaded before import = 0
Number of asset objects unloaded after import = 0
========================================================================
Received Prepare
AcceleratorClientConnectionCallback - disconnected - :0
WARNING: Shader Unsupported: 'Universal Render Pipeline/VR/SpatialMapping/Wireframe' - All subshaders removed
WARNING: Shader Did you use #pragma only_renderers and omit this platform?
WARNING: Shader If subshaders removal was intentional, you may have forgotten turning Fallback off?
Shader Hidden/ChartRasterizerHardware is not supported: GPU does not support conservative rasterization
Unloading 80 Unused Serialized files (Serialized files now loaded: 0)
Unloading 80 unused Assets / (5.9 MB). Loaded Objects now: 8057.
Memory consumption went from 185.0 MB to 179.1 MB.
Total: 5.703500 ms (FindLiveObjects: 0.194584 ms CreateObjectMapping: 0.466041 ms MarkObjects: 3.739167 ms  DeleteObjects: 1.303500 ms)

Prepare: number of updated asset objects reloaded= 0
========================================================================
Received Prepare
AcceleratorClientConnectionCallback - disconnected - :0
[Licensing::Client] Successfully resolved entitlement details
Begin MonoManager ReloadAssembly
Thread 0x16c63f000 may have been prematurely finalized
Native extension for OSXStandalone target not found
[Package Manager] Failed to launch server process. Reason: Unity was launched with the -noUpm command-line argument
[Package Manager] Unable to send message (not connected to server process).
[Package Manager] Cannot connect to Unity Package Manager local server
[Package Manager] Failed to launch server process. Reason: Unity was launched with the -noUpm command-line argument
[Package Manager] Unable to send message (not connected to server process).
[Package Manager] Cannot connect to Unity Package Manager local server
ScheduleIndexationOnStartup MainProcess:False IndexOnStartup:True
Mono: successfully reloaded assembly
- Finished resetting the current domain, in  0.444 seconds
Domain Reload Profiling: 866ms
	BeginReloadAssembly (106ms)
		DisableScriptedObjects (6ms)
		CreateAndSetChildDomain (33ms)
	RebuildCommonClasses (5ms)
	RebuildNativeTypeToScriptingClass (9ms)
	initialDomainReloadingComplete (21ms)
	LoadAllAssembliesAndSetupDomain (282ms)
		LoadAssemblies (132ms)
		AnalyzeDomain (115ms)
			TypeCache.Refresh (8ms)
			BuildScriptInfoCaches (102ms)
			ResolveRequiredComponents (4ms)
	FinalizeReload (444ms)
		SetupLoadedEditorAssemblies (0ms)
			BeforeProcessingInitializeOnLoad (52ms)
			ProcessInitializeOnLoadAttributes (214ms)
			ProcessInitializeOnLoadMethodAttributes (55ms)
		AwakeInstancesAfterBackupRestoration (8ms)
WARNING: Shader Unsupported: 'Universal Render Pipeline/VR/SpatialMapping/Wireframe' - All subshaders removed
WARNING: Shader Did you use #pragma only_renderers and omit this platform?
WARNING: Shader If subshaders removal was intentional, you may have forgotten turning Fallback off?
Shader Hidden/ChartRasterizerHardware is not supported: GPU does not support conservative rasterization
Unloading 80 Unused Serialized files (Serialized files now loaded: 0)
Unloading 7218 unused Assets / (12.4 MB). Loaded Objects now: 8060.
Memory consumption went from 201.8 MB to 189.4 MB.
Total: 9.274042 ms (FindLiveObjects: 0.339250 ms CreateObjectMapping: 1.265875 ms MarkObjects: 4.341125 ms  DeleteObjects: 3.327375 ms)

Prepare: number of updated asset objects reloaded= 0
========================================================================
Received Prepare
AcceleratorClientConnectionCallback - disconnected - :0
WARNING: Shader Unsupported: 'Universal Render Pipeline/VR/SpatialMapping/Wireframe' - All subshaders removed
WARNING: Shader Did you use #pragma only_renderers and omit this platform?
WARNING: Shader If subshaders removal was intentional, you may have forgotten turning Fallback off?
Shader Hidden/ChartRasterizerHardware is not supported: GPU does not support conservative rasterization
Unloading 80 Unused Serialized files (Serialized files now loaded: 0)
Unloading 80 unused Assets / (5.9 MB). Loaded Objects now: 8060.
Memory consumption went from 185.1 MB to 179.2 MB.
Total: 6.239416 ms (FindLiveObjects: 0.201167 ms CreateObjectMapping: 0.439416 ms MarkObjects: 4.265334 ms  DeleteObjects: 1.333250 ms)

Prepare: number of updated asset objects reloaded= 0
========================================================================
Received Import Request.
  Time of request: 2026-09-15T08:03:09.402324Z
  Time since last request: 987.09035308299997 seconds.
  importAddress: GUID: b39909834b9b14e348edc9d508dbcf89 - Path: Assets/Inputs/GameControls.inputactions - Importer: PreviewImporter
Importing 'GUID: b39909834b9b14e348edc9d508dbcf89 - Path: Assets/Inputs/GameControls.inputactions - Importer: PreviewImporter' with importer (PreviewImporter)
Imported 'GUID: b39909834b9b14e348edc9d508dbcf89' -> (Import Result ID: '8ff5511f13371345638ec790c6a14d1e') in 0.008 seconds [static and dynamic dependencies]. Details - ImportResultOutputID=7cecfcc7b34f1adde260c7b6426a39cd DependenciesID=f20c59ce3ad9bfd47184bd9eaa3c3849 StaticDependenciesID=9ec92cc92d34c9de3fda4e9b70e0ba90 
Number of updated asset objects reloaded before import = 0
Number of asset objects unloaded after import = 4
========================================================================
Received Prepare
AcceleratorClientConnectionCallback - disconnected - :0
WARNING: Shader Unsupported: 'Universal Render Pipeline/VR/SpatialMapping/Wireframe' - All subshaders removed
WARNING: Shader Did you use #pragma only_renderers and omit this platform?
WARNING: Shader If subshaders removal was intentional, you may have forgotten turning Fallback off?
Shader Hidden/ChartRasterizerHardware is not supported: GPU does not support conservative rasterization
Unloading 80 Unused Serialized files (Serialized files now loaded: 0)
Unloading 80 unused Assets / (5.9 MB). Loaded Objects now: 8060.
Memory consumption went from 185.2 MB to 179.2 MB.
Total: 6.282708 ms (FindLiveObjects: 0.184917 ms CreateObjectMapping: 0.487708 ms MarkObjects: 4.340500 ms  DeleteObjects: 1.269292 ms)

Prepare: number of updated asset objects reloaded= 0
========================================================================
Received Prepare
AcceleratorClientConnectionCallback - disconnected - :0
[Licensing::Client] Successfully resolved entitlement details
Begin MonoManager ReloadAssembly
Thread 0x31cd87000 may have been prematurely finalized
Native extension for OSXStandalone target not found
[Package Manager] Failed to launch server process. Reason: Unity was launched with the -noUpm command-line argument
[Package Manager] Unable to send message (not connected to server process).
[Package Manager] Cannot connect to Unity Package Manager local server
[Package Manager] Failed to launch server process. Reason: Unity was launched with the -noUpm command-line argument
[Package Manager] Unable to send message (not connected to server process).
[Package Manager] Cannot connect to Unity Package Manager local server
ScheduleIndexationOnStartup MainProcess:False IndexOnStartup:True
Mono: successfully reloaded assembly
- Finished resetting the current domain, in  0.471 seconds
Domain Reload Profiling: 907ms
	BeginReloadAssembly (111ms)
		DisableScriptedObjects (6ms)
		CreateAndSetChildDomain (37ms)
	RebuildCommonClasses (5ms)
	RebuildNativeTypeToScriptingClass (9ms)
	initialDomainReloadingComplete (20ms)
	LoadAllAssembliesAndSetupDomain (289ms)
		LoadAssemblies (138ms)
		AnalyzeDomain (116ms)
			TypeCache.Refresh (7ms)
			BuildScriptInfoCaches (104ms)
			ResolveRequiredComponents (4ms)
	FinalizeReload (472ms)
		SetupLoadedEditorAssemblies (0ms)
			BeforeProcessingInitializeOnLoad (52ms)
			ProcessInitializeOnLoadAttributes (234ms)
			ProcessInitializeOnLoadMethodAttributes (62ms)
		AwakeInstancesAfterBackupRestoration (10ms)
WARNING: Shader Unsupported: 'Universal Render Pipeline/VR/SpatialMapping/Wireframe' - All subshaders removed
WARNING: Shader Did you use #pragma only_renderers and omit this platform?
WARNING: Shader If subshaders removal was intentional, you may have forgotten turning Fallback off?
Shader Hidden/ChartRasterizerHardware is not supported: GPU does not support conservative rasterization
Unloading 80 Unused Serialized files (Serialized files now loaded: 0)
Unloading 7218 unused Assets / (12.9 MB). Loaded Objects now: 8063.
Memory consumption went from 201.9 MB to 189.0 MB.
Total: 10.384208 ms (FindLiveObjects: 0.349375 ms CreateObjectMapping: 1.278875 ms MarkObjects: 3.781042 ms  DeleteObjects: 4.974583 ms)

Prepare: number of updated asset objects reloaded= 0
========================================================================
Received Prepare
AcceleratorClientConnectionCallback - disconnected - :0
WARNING: Shader Unsupported: 'Universal Render Pipeline/VR/SpatialMapping/Wireframe' - All subshaders removed
WARNING: Shader Did you use #pragma only_renderers and omit this platform?
WARNING: Shader If subshaders removal was intentional, you may have forgotten turning Fallback off?
Shader Hidden/ChartRasterizerHardware is not supported: GPU does not support conservative rasterization
Unloading 80 Unused Serialized files (Serialized files now loaded: 0)
Unloading 80 unused Assets / (5.9 MB). Loaded Objects now: 8063.
Memory consumption went from 185.3 MB to 179.3 MB.
Total: 5.726709 ms (FindLiveObjects: 0.180125 ms CreateObjectMapping: 0.443208 ms MarkObjects: 3.831750 ms  DeleteObjects: 1.271292 ms)

Prepare: number of updated asset objects reloaded= 0
========================================================================
Received Prepare
AcceleratorClientConnectionCallback - disconnected - :0
WARNING: Shader Unsupported: 'Universal Render Pipeline/VR/SpatialMapping/Wireframe' - All subshaders removed
WARNING: Shader Did you use #pragma only_renderers and omit this platform?
WARNING: Shader If subshaders removal was intentional, you may have forgotten turning Fallback off?
Shader Hidden/ChartRasterizerHardware is not supported: GPU does not support conservative rasterization
Unloading 80 Unused Serialized files (Serialized files now loaded: 0)
Unloading 80 unused Assets / (5.9 MB). Loaded Objects now: 8063.
Memory consumption went from 185.3 MB to 179.3 MB.
Total: 6.889917 ms (FindLiveObjects: 0.188958 ms CreateObjectMapping: 0.433250 ms MarkObjects: 4.825417 ms  DeleteObjects: 1.441958 ms)

Prepare: number of updated asset objects reloaded= 0
========================================================================
Received Prepare
AcceleratorClientConnectionCallback - disconnected - :0
WARNING: Shader Unsupported: 'Universal Render Pipeline/VR/SpatialMapping/Wireframe' - All subshaders removed
WARNING: Shader Did you use #pragma only_renderers and omit this platform?
WARNING: Shader If subshaders removal was intentional, you may have forgotten turning Fallback off?
Shader Hidden/ChartRasterizerHardware is not supported: GPU does not support conservative rasterization
Unloading 80 Unused Serialized files (Serialized files now loaded: 0)
Unloading 80 unused Assets / (5.9 MB). Loaded Objects now: 8063.
Memory consumption went from 185.3 MB to 179.3 MB.
Total: 6.367125 ms (FindLiveObjects: 0.192708 ms CreateObjectMapping: 0.446667 ms MarkObjects: 4.181958 ms  DeleteObjects: 1.545625 ms)

Prepare: number of updated asset objects reloaded= 0
========================================================================
Received Prepare
AcceleratorClientConnectionCallback - disconnected - :0
WARNING: Shader Unsupported: 'Universal Render Pipeline/VR/SpatialMapping/Wireframe' - All subshaders removed
WARNING: Shader Did you use #pragma only_renderers and omit this platform?
WARNING: Shader If subshaders removal was intentional, you may have forgotten turning Fallback off?
Shader Hidden/ChartRasterizerHardware is not supported: GPU does not support conservative rasterization
Unloading 80 Unused Serialized files (Serialized files now loaded: 0)
Unloading 80 unused Assets / (5.9 MB). Loaded Objects now: 8063.
Memory consumption went from 185.3 MB to 179.3 MB.
Total: 6.381917 ms (FindLiveObjects: 0.190584 ms CreateObjectMapping: 0.452292 ms MarkObjects: 4.255125 ms  DeleteObjects: 1.483625 ms)

Prepare: number of updated asset objects reloaded= 0
========================================================================
Received Prepare
AcceleratorClientConnectionCallback - disconnected - :0
WARNING: Shader Unsupported: 'Universal Render Pipeline/VR/SpatialMapping/Wireframe' - All subshaders removed
WARNING: Shader Did you use #pragma only_renderers and omit this platform?
WARNING: Shader If subshaders removal was intentional, you may have forgotten turning Fallback off?
Shader Hidden/ChartRasterizerHardware is not supported: GPU does not support conservative rasterization
Unloading 80 Unused Serialized files (Serialized files now loaded: 0)
Unloading 80 unused Assets / (5.9 MB). Loaded Objects now: 8063.
Memory consumption went from 185.3 MB to 179.3 MB.
Total: 6.267625 ms (FindLiveObjects: 0.203458 ms CreateObjectMapping: 0.428167 ms MarkObjects: 4.259292 ms  DeleteObjects: 1.376500 ms)

Prepare: number of updated asset objects reloaded= 0
========================================================================
Received Prepare
AcceleratorClientConnectionCallback - disconnected - :0
WARNING: Shader Unsupported: 'Universal Render Pipeline/VR/SpatialMapping/Wireframe' - All subshaders removed
WARNING: Shader Did you use #pragma only_renderers and omit this platform?
WARNING: Shader If subshaders removal was intentional, you may have forgotten turning Fallback off?
Shader Hidden/ChartRasterizerHardware is not supported: GPU does not support conservative rasterization
Unloading 80 Unused Serialized files (Serialized files now loaded: 0)
Unloading 80 unused Assets / (5.9 MB). Loaded Objects now: 8063.
Memory consumption went from 185.3 MB to 179.3 MB.
Total: 6.438125 ms (FindLiveObjects: 0.193291 ms CreateObjectMapping: 0.435167 ms MarkObjects: 4.308083 ms  DeleteObjects: 1.501333 ms)

Prepare: number of updated asset objects reloaded= 0
========================================================================
Received Prepare
AcceleratorClientConnectionCallback - disconnected - :0
WARNING: Shader Unsupported: 'Universal Render Pipeline/VR/SpatialMapping/Wireframe' - All subshaders removed
WARNING: Shader Did you use #pragma only_renderers and omit this platform?
WARNING: Shader If subshaders removal was intentional, you may have forgotten turning Fallback off?
Shader Hidden/ChartRasterizerHardware is not supported: GPU does not support conservative rasterization
Unloading 80 Unused Serialized files (Serialized files now loaded: 0)
Unloading 80 unused Assets / (5.9 MB). Loaded Objects now: 8063.
Memory consumption went from 185.3 MB to 179.3 MB.
Total: 6.040041 ms (FindLiveObjects: 0.205791 ms CreateObjectMapping: 0.455417 ms MarkObjects: 3.910333 ms  DeleteObjects: 1.468208 ms)

Prepare: number of updated asset objects reloaded= 0
========================================================================
Received Prepare
AcceleratorClientConnectionCallback - disconnected - :0
WARNING: Shader Unsupported: 'Universal Render Pipeline/VR/SpatialMapping/Wireframe' - All subshaders removed
WARNING: Shader Did you use #pragma only_renderers and omit this platform?
WARNING: Shader If subshaders removal was intentional, you may have forgotten turning Fallback off?
Shader Hidden/ChartRasterizerHardware is not supported: GPU does not support conservative rasterization
Unloading 80 Unused Serialized files (Serialized files now loaded: 0)
Unloading 80 unused Assets / (5.9 MB). Loaded Objects now: 8063.
Memory consumption went from 185.3 MB to 179.3 MB.
Total: 6.385667 ms (FindLiveObjects: 0.193291 ms CreateObjectMapping: 0.434750 ms MarkObjects: 4.313208 ms  DeleteObjects: 1.444167 ms)

Prepare: number of updated asset objects reloaded= 0
========================================================================
Received Prepare
AcceleratorClientConnectionCallback - disconnected - :0
WARNING: Shader Unsupported: 'Universal Render Pipeline/VR/SpatialMapping/Wireframe' - All subshaders removed
WARNING: Shader Did you use #pragma only_renderers and omit this platform?
WARNING: Shader If subshaders removal was intentional, you may have forgotten turning Fallback off?
Shader Hidden/ChartRasterizerHardware is not supported: GPU does not support conservative rasterization
Unloading 80 Unused Serialized files (Serialized files now loaded: 0)
Unloading 80 unused Assets / (5.9 MB). Loaded Objects now: 8063.
Memory consumption went from 185.3 MB to 179.3 MB.
Total: 6.382625 ms (FindLiveObjects: 0.184292 ms CreateObjectMapping: 0.441333 ms MarkObjects: 4.291417 ms  DeleteObjects: 1.465416 ms)

Prepare: number of updated asset objects reloaded= 0
========================================================================
Received Prepare
AcceleratorClientConnectionCallback - disconnected - :0
WARNING: Shader Unsupported: 'Universal Render Pipeline/VR/SpatialMapping/Wireframe' - All subshaders removed
WARNING: Shader Did you use #pragma only_renderers and omit this platform?
WARNING: Shader If subshaders removal was intentional, you may have forgotten turning Fallback off?
Shader Hidden/ChartRasterizerHardware is not supported: GPU does not support conservative rasterization
Unloading 80 Unused Serialized files (Serialized files now loaded: 0)
Unloading 80 unused Assets / (5.9 MB). Loaded Objects now: 8063.
Memory consumption went from 185.3 MB to 179.3 MB.
Total: 5.857500 ms (FindLiveObjects: 0.194542 ms CreateObjectMapping: 0.424459 ms MarkObjects: 3.816125 ms  DeleteObjects: 1.422209 ms)

Prepare: number of updated asset objects reloaded= 0
========================================================================
Received Prepare
AcceleratorClientConnectionCallback - disconnected - :0
WARNING: Shader Unsupported: 'Universal Render Pipeline/VR/SpatialMapping/Wireframe' - All subshaders removed
WARNING: Shader Did you use #pragma only_renderers and omit this platform?
WARNING: Shader If subshaders removal was intentional, you may have forgotten turning Fallback off?
Shader Hidden/ChartRasterizerHardware is not supported: GPU does not support conservative rasterization
Unloading 80 Unused Serialized files (Serialized files now loaded: 0)
Unloading 80 unused Assets / (5.9 MB). Loaded Objects now: 8063.
Memory consumption went from 185.3 MB to 179.3 MB.
Total: 6.096333 ms (FindLiveObjects: 0.197333 ms CreateObjectMapping: 0.428750 ms MarkObjects: 4.229083 ms  DeleteObjects: 1.240750 ms)

Prepare: number of updated asset objects reloaded= 0
========================================================================
Received Prepare
AcceleratorClientConnectionCallback - disconnected - :0
[Licensing::Client] Successfully resolved entitlement details
Begin MonoManager ReloadAssembly
Thread 0x31cd87000 may have been prematurely finalized
Native extension for OSXStandalone target not found
[Package Manager] Failed to launch server process. Reason: Unity was launched with the -noUpm command-line argument
[Package Manager] Unable to send message (not connected to server process).
[Package Manager] Cannot connect to Unity Package Manager local server
[Package Manager] Failed to launch server process. Reason: Unity was launched with the -noUpm command-line argument
[Package Manager] Unable to send message (not connected to server process).
[Package Manager] Cannot connect to Unity Package Manager local server
ScheduleIndexationOnStartup MainProcess:False IndexOnStartup:True
Mono: successfully reloaded assembly
- Finished resetting the current domain, in  0.447 seconds
Domain Reload Profiling: 874ms
	BeginReloadAssembly (109ms)
		DisableScriptedObjects (7ms)
		CreateAndSetChildDomain (36ms)
	RebuildCommonClasses (5ms)
	RebuildNativeTypeToScriptingClass (9ms)
	initialDomainReloadingComplete (20ms)
	LoadAllAssembliesAndSetupDomain (283ms)
		LoadAssemblies (134ms)
		AnalyzeDomain (115ms)
			TypeCache.Refresh (7ms)
			BuildScriptInfoCaches (104ms)
			ResolveRequiredComponents (4ms)
	FinalizeReload (447ms)
		SetupLoadedEditorAssemblies (0ms)
			BeforeProcessingInitializeOnLoad (49ms)
			ProcessInitializeOnLoadAttributes (218ms)
			ProcessInitializeOnLoadMethodAttributes (62ms)
		AwakeInstancesAfterBackupRestoration (9ms)
WARNING: Shader Unsupported: 'Universal Render Pipeline/VR/SpatialMapping/Wireframe' - All subshaders removed
WARNING: Shader Did you use #pragma only_renderers and omit this platform?
WARNING: Shader If subshaders removal was intentional, you may have forgotten turning Fallback off?
Shader Hidden/ChartRasterizerHardware is not supported: GPU does not support conservative rasterization
Unloading 80 Unused Serialized files (Serialized files now loaded: 0)
Unloading 7218 unused Assets / (12.4 MB). Loaded Objects now: 8066.
Memory consumption went from 202.0 MB to 189.5 MB.
Total: 10.299792 ms (FindLiveObjects: 0.354000 ms CreateObjectMapping: 1.650625 ms MarkObjects: 4.256667 ms  DeleteObjects: 4.038125 ms)

Prepare: number of updated asset objects reloaded= 0
========================================================================
Received Prepare
AcceleratorClientConnectionCallback - disconnected - :0
WARNING: Shader Unsupported: 'Universal Render Pipeline/VR/SpatialMapping/Wireframe' - All subshaders removed
WARNING: Shader Did you use #pragma only_renderers and omit this platform?
WARNING: Shader If subshaders removal was intentional, you may have forgotten turning Fallback off?
Shader Hidden/ChartRasterizerHardware is not supported: GPU does not support conservative rasterization
Unloading 80 Unused Serialized files (Serialized files now loaded: 0)
Unloading 80 unused Assets / (5.9 MB). Loaded Objects now: 8066.
Memory consumption went from 185.4 MB to 179.4 MB.
Total: 6.400083 ms (FindLiveObjects: 0.188875 ms CreateObjectMapping: 0.422708 ms MarkObjects: 4.465500 ms  DeleteObjects: 1.322833 ms)

Prepare: number of updated asset objects reloaded= 0
========================================================================
Received Import Request.
  Time of request: 2026-09-15T09:30:02.379912Z
  Time since last request: 5212.94979549999971 seconds.
  importAddress: GUID: b39909834b9b14e348edc9d508dbcf89 - Path: Assets/Inputs/GameControls.inputactions - Importer: ScriptedImporter/UnityEditor.QuickSearchModule:UnityEditor.Search:ASIAI0B
Importing 'GUID: b39909834b9b14e348edc9d508dbcf89 - Path: Assets/Inputs/GameControls.inputactions - Importer: ScriptedImporter/UnityEditor.QuickSearchModule:UnityEditor.Search:ASIAI0B' with importer (ScriptedImporter : UnityEditor.QuickSearchModule:UnityEditor.Search:ASIAI0B)
Imported 'GUID: b39909834b9b14e348edc9d508dbcf89' -> (Import Result ID: 'bda56431228e018c8156616b5eaabb2b') in 0.101 seconds [static and dynamic dependencies]. Details - ImportResultOutputID=eb178085935fc93103ac6afc61aacb04 DependenciesID=5b1dd1aab9f215fc5c5e06813da441cc StaticDependenciesID=6db804d2ebb7087fc5cba7babeb6c470 
Number of updated asset objects reloaded before import = 0
Number of asset objects unloaded after import = 6
========================================================================
Received Import Request.
  Time of request: 2026-09-15T09:30:47.85597Z
  Time since last request: 45.367387125 seconds.
  importAddress: GUID: ce3137909380e4022a7653d9c2f4e475 - Path: Assets/Sounds/Kenney Impacts/impactMetal_light_001.ogg - Importer: ScriptedImporter/UnityEditor.QuickSearchModule:UnityEditor.Search:ASIAI0B
Importing 'GUID: ce3137909380e4022a7653d9c2f4e475 - Path: Assets/Sounds/Kenney Impacts/impactMetal_light_001.ogg - Importer: ScriptedImporter/UnityEditor.QuickSearchModule:UnityEditor.Search:ASIAI0B' with importer (ScriptedImporter : UnityEditor.QuickSearchModule:UnityEditor.Search:ASIAI0B)
Imported 'GUID: ce3137909380e4022a7653d9c2f4e475' -> (Import Result ID: '6ed2b76907ab0d20b489938b1840cf7d') in 0.011 seconds [static and dynamic dependencies]. Details - ImportResultOutputID=a828177c9ba48d96143fe2287e68c1fd DependenciesID=86f1b778c9a664d27149e390a9fb8ac4 StaticDependenciesID=17d6c51a3a0e6787da2aaff85021c26f 
Number of updated asset objects reloaded before import = 0
Number of asset objects unloaded after import = 1
========================================================================
Received Import Request.
  Time of request: 2026-09-15T09:30:47.874099Z
  Time since last request: 0.000250833 seconds.
  importAddress: GUID: 4c9f5b769d19742328e3e75f38b80a53 - Path: Assets/Sounds/Kenney Impacts/impactPunch_medium_002.ogg - Importer: ScriptedImporter/UnityEditor.QuickSearchModule:UnityEditor.Search:ASIAI0B
Importing 'GUID: 4c9f5b769d19742328e3e75f38b80a53 - Path: Assets/Sounds/Kenney Impacts/impactPunch_medium_002.ogg - Importer: ScriptedImporter/UnityEditor.QuickSearchModule:UnityEditor.Search:ASIAI0B' with importer (ScriptedImporter : UnityEditor.QuickSearchModule:UnityEditor.Search:ASIAI0B)
Imported 'GUID: 4c9f5b769d19742328e3e75f38b80a53' -> (Import Result ID: 'd8f02f680dbd561220c58ab62854697d') in 0.002 seconds [static and dynamic dependencies]. Details - ImportResultOutputID=c8bd96e9d5c6163a15e954b9c36695db DependenciesID=4264b41e459da8041e5acd3217045bbf StaticDependenciesID=87f9a39562a162a95efd53e2c795e240 
Number of updated asset objects reloaded before import = 0
Number of asset objects unloaded after import = 1
========================================================================
Received Import Request.
  Time of request: 2026-09-15T09:30:47.881569Z
  Time since last request: 0.000206 seconds.
  importAddress: GUID: 431926b8e3b2b4666b66a3f34f417f92 - Path: Assets/Sounds/Kenney Impacts/impactMetal_medium_003.ogg - Importer: ScriptedImporter/UnityEditor.QuickSearchModule:UnityEditor.Search:ASIAI0B
Importing 'GUID: 431926b8e3b2b4666b66a3f34f417f92 - Path: Assets/Sounds/Kenney Impacts/impactMetal_medium_003.ogg - Importer: ScriptedImporter/UnityEditor.QuickSearchModule:UnityEditor.Search:ASIAI0B' with importer (ScriptedImporter : UnityEditor.QuickSearchModule:UnityEditor.Search:ASIAI0B)
Imported 'GUID: 431926b8e3b2b4666b66a3f34f417f92' -> (Import Result ID: '0289c13e676b1691166305200b42aea4') in 0.002 seconds [static and dynamic dependencies]. Details - ImportResultOutputID=a91b6c027bd5bc8de5ded4fe150c2fd1 DependenciesID=ad11a3684a592b4f7863c00122805d1f StaticDependenciesID=ad1d9649f671137e68b6bdeb3c1f653b 
Number of updated asset objects reloaded before import = 0
Number of asset objects unloaded after import = 1
========================================================================
Received Import Request.
  Time of request: 2026-09-15T09:30:47.889044Z
  Time since last request: 0.000191542 seconds.
  importAddress: GUID: 756bc8def4a114c4583dcdda5e198af9 - Path: Assets/Sounds/Kenney Impacts/impactSoft_heavy_003.ogg - Importer: ScriptedImporter/UnityEditor.QuickSearchModule:UnityEditor.Search:ASIAI0B
Importing 'GUID: 756bc8def4a114c4583dcdda5e198af9 - Path: Assets/Sounds/Kenney Impacts/impactSoft_heavy_003.ogg - Importer: ScriptedImporter/UnityEditor.QuickSearchModule:UnityEditor.Search:ASIAI0B' with importer (ScriptedImporter : UnityEditor.QuickSearchModule:UnityEditor.Search:ASIAI0B)
Imported 'GUID: 756bc8def4a114c4583dcdda5e198af9' -> (Import Result ID: '3f532838477004605f7cc32bf0823079') in 0.002 seconds [static and dynamic dependencies]. Details - ImportResultOutputID=ee3122acf122430c1a1c69374d6c0f27 DependenciesID=9c611f7fd61603108ca5c577575feabb StaticDependenciesID=94686b8c0eb954856ff861322f96ad31 
Number of updated asset objects reloaded before import = 0
Number of asset objects unloaded after import = 1
========================================================================
Received Import Request.
  Time of request: 2026-09-15T09:30:47.897549Z
  Time since last request: 0.000250375 seconds.
  importAddress: GUID: 81e0c756d568447deae22f1ba736359d - Path: Assets/Sounds/Kenney Impacts/footstep_wood_003.ogg - Importer: ScriptedImporter/UnityEditor.QuickSearchModule:UnityEditor.Search:ASIAI0B
Importing 'GUID: 81e0c756d568447deae22f1ba736359d - Path: Assets/Sounds/Kenney Impacts/footstep_wood_003.ogg - Importer: ScriptedImporter/UnityEditor.QuickSearchModule:UnityEditor.Search:ASIAI0B' with importer (ScriptedImporter : UnityEditor.QuickSearchModule:UnityEditor.Search:ASIAI0B)
Imported 'GUID: 81e0c756d568447deae22f1ba736359d' -> (Import Result ID: '2f478e406f3aeda834dd25a7a009542f') in 0.002 seconds [static and dynamic dependencies]. Details - ImportResultOutputID=381aead54f549de2feeb59c7113b6c2f DependenciesID=e4c6208692b48f09c10e0046e8c853b1 StaticDependenciesID=3a8831f11863a8c191cf3cdcea16507c 
Number of updated asset objects reloaded before import = 0
Number of asset objects unloaded after import = 1
========================================================================
Received Import Request.
  Time of request: 2026-09-15T09:30:47.905646Z
  Time since last request: 0.000142834 seconds.
  importAddress: GUID: 1307243f4b4ab4bf2ad74618d9fa3dc4 - Path: Assets/Sounds/Kenney Impacts/impactSoft_heavy_002.ogg - Importer: ScriptedImporter/UnityEditor.QuickSearchModule:UnityEditor.Search:ASIAI0B
Importing 'GUID: 1307243f4b4ab4bf2ad74618d9fa3dc4 - Path: Assets/Sounds/Kenney Impacts/impactSoft_heavy_002.ogg - Importer: ScriptedImporter/UnityEditor.QuickSearchModule:UnityEditor.Search:ASIAI0B' with importer (ScriptedImporter : UnityEditor.QuickSearchModule:UnityEditor.Search:ASIAI0B)
Imported 'GUID: 1307243f4b4ab4bf2ad74618d9fa3dc4' -> (Import Result ID: '92beb38b2b0e50d1cf4624d2cbdde572') in 0.001 seconds [static and dynamic dependencies]. Details - ImportResultOutputID=d934f6b237929d616728c2c81775eee7 DependenciesID=e8b6d561f5983a20a52fdd9a61868066 StaticDependenciesID=d3072497479832bc4e6dbb0ae01c3fae 
Number of updated asset objects reloaded before import = 0
Number of asset objects unloaded after import = 1
========================================================================
Received Import Request.
  Time of request: 2026-09-15T09:30:47.913136Z
  Time since last request: 0.000145667 seconds.
  importAddress: GUID: 2f9aa95f8fe8a48f1b064af4f9eddc88 - Path: Assets/Sounds/Kenney Impacts/impactMetal_medium_002.ogg - Importer: ScriptedImporter/UnityEditor.QuickSearchModule:UnityEditor.Search:ASIAI0B
Importing 'GUID: 2f9aa95f8fe8a48f1b064af4f9eddc88 - Path: Assets/Sounds/Kenney Impacts/impactMetal_medium_002.ogg - Importer: ScriptedImporter/UnityEditor.QuickSearchModule:UnityEditor.Search:ASIAI0B' with importer (ScriptedImporter : UnityEditor.QuickSearchModule:UnityEditor.Search:ASIAI0B)
Imported 'GUID: 2f9aa95f8fe8a48f1b064af4f9eddc88' -> (Import Result ID: '3b0350725b33d56a73ec23fcee093012') in 0.001 seconds [static and dynamic dependencies]. Details - ImportResultOutputID=1242c736f62436c39248a7e7ef7447c4 DependenciesID=1ab5ccdc835c7f54aa3f179f32a2edd2 StaticDependenciesID=fb525afa01fea5db5a837e8c7e8534c9 
Number of updated asset objects reloaded before import = 0
Number of asset objects unloaded after import = 1
========================================================================
Received Import Request.
  Time of request: 2026-09-15T09:30:47.920442Z
  Time since last request: 0.000156708 seconds.
  importAddress: GUID: 01e03de5c02074462ad5869467160b58 - Path: Assets/Sounds/Kenney Impacts/impactWood_light_001.ogg - Importer: ScriptedImporter/UnityEditor.QuickSearchModule:UnityEditor.Search:ASIAI0B
Importing 'GUID: 01e03de5c02074462ad5869467160b58 - Path: Assets/Sounds/Kenney Impacts/impactWood_light_001.ogg - Importer: ScriptedImporter/UnityEditor.QuickSearchModule:UnityEditor.Search:ASIAI0B' with importer (ScriptedImporter : UnityEditor.QuickSearchModule:UnityEditor.Search:ASIAI0B)
Imported 'GUID: 01e03de5c02074462ad5869467160b58' -> (Import Result ID: '968f8dfa02c34793109de89bc8dc6910') in 0.001 seconds [static and dynamic dependencies]. Details - ImportResultOutputID=1f518b79c3b27082834640bec4a9b075 DependenciesID=fe17e809ab5a1e0b8bb9ea696b43d9fd StaticDependenciesID=b60f0fa069aada93e1b2906a0a13d7dc 
Number of updated asset objects reloaded before import = 0
Number of asset objects unloaded after import = 1
========================================================================
Received Import Request.
  Time of request: 2026-09-15T09:30:47.927916Z
  Time since last request: 0.000270375 seconds.
  importAddress: GUID: 933d11ad1debf40b5bc5c2ccd4ecd376 - Path: Assets/Sounds/Kenney Impacts/footstep_wood_000.ogg - Importer: ScriptedImporter/UnityEditor.QuickSearchModule:UnityEditor.Search:ASIAI0B
Importing 'GUID: 933d11ad1debf40b5bc5c2ccd4ecd376 - Path: Assets/Sounds/Kenney Impacts/footstep_wood_000.ogg - Importer: ScriptedImporter/UnityEditor.QuickSearchModule:UnityEditor.Search:ASIAI0B' with importer (ScriptedImporter : UnityEditor.QuickSearchModule:UnityEditor.Search:ASIAI0B)
Imported 'GUID: 933d11ad1debf40b5bc5c2ccd4ecd376' -> (Import Result ID: '0cc63b0407af4cdee08100f4b101f3b1') in 0.002 seconds [static and dynamic dependencies]. Details - ImportResultOutputID=031bc6797548394b2f34894c786f0ccf DependenciesID=6d58e5fd5f30bbd9d8811ef66f834926 StaticDependenciesID=6a6f2a62c3889025e6672c86822d320a 
Number of updated asset objects reloaded before import = 0
Number of asset objects unloaded after import = 1
========================================================================
Received Import Request.
  Time of request: 2026-09-15T09:30:47.935998Z
  Time since last request: 0.000221167 seconds.
  importAddress: GUID: 99af7765b05cf497d9aa40849ea8aabb - Path: Assets/Sounds/Kenney Impacts/impactPlate_heavy_002.ogg - Importer: ScriptedImporter/UnityEditor.QuickSearchModule:UnityEditor.Search:ASIAI0B
Importing 'GUID: 99af7765b05cf497d9aa40849ea8aabb - Path: Assets/Sounds/Kenney Impacts/impactPlate_heavy_002.ogg - Importer: ScriptedImporter/UnityEditor.QuickSearchModule:UnityEditor.Search:ASIAI0B' with importer (ScriptedImporter : UnityEditor.QuickSearchModule:UnityEditor.Search:ASIAI0B)
Imported 'GUID: 99af7765b05cf497d9aa40849ea8aabb' -> (Import Result ID: '4b79db8313d225739c047e133b0e9c72') in 0.001 seconds [static and dynamic dependencies]. Details - ImportResultOutputID=599604c7818430608480b6c29e75c0de DependenciesID=380a650018b66160aa62a41c01c182d4 StaticDependenciesID=beed52d222c63fecca608f746648be48 
Number of updated asset objects reloaded before import = 0
Number of asset objects unloaded after import = 1
========================================================================
Received Import Request.
  Time of request: 2026-09-15T09:30:47.943581Z
  Time since last request: 0.00023825 seconds.
  importAddress: GUID: f22c02e8357804b9cb7cedf5dc0353de - Path: Assets/Sounds/Kenney Impacts/impactPlank_medium_001.ogg - Importer: ScriptedImporter/UnityEditor.QuickSearchModule:UnityEditor.Search:ASIAI0B
Importing 'GUID: f22c02e8357804b9cb7cedf5dc0353de - Path: Assets/Sounds/Kenney Impacts/impactPlank_medium_001.ogg - Importer: ScriptedImporter/UnityEditor.QuickSearchModule:UnityEditor.Search:ASIAI0B' with importer (ScriptedImporter : UnityEditor.QuickSearchModule:UnityEditor.Search:ASIAI0B)
Imported 'GUID: f22c02e8357804b9cb7cedf5dc0353de' -> (Import Result ID: 'd9f3a97389f209cdbcf44c54789e01f8') in 0.001 seconds [static and dynamic dependencies]. Details - ImportResultOutputID=4f68dbfce80c4a3a3ffbf6ab4e8efb9e DependenciesID=bbfd0f31553cb047784e60a8b87a99a4 StaticDependenciesID=db61698d4668ffe5294bee8922db4fe4 
Number of updated asset objects reloaded before import = 0
Number of asset objects unloaded after import = 1
========================================================================
Received Import Request.
  Time of request: 2026-09-15T09:30:47.951202Z
  Time since last request: 0.000204917 seconds.
  importAddress: GUID: a9363cfe267d34972b0ca234e6e47fd0 - Path: Assets/Sounds/Kenney Impacts/impactPunch_heavy_000.ogg - Importer: ScriptedImporter/UnityEditor.QuickSearchModule:UnityEditor.Search:ASIAI0B
Importing 'GUID: a9363cfe267d34972b0ca234e6e47fd0 - Path: Assets/Sounds/Kenney Impacts/impactPunch_heavy_000.ogg - Importer: ScriptedImporter/UnityEditor.QuickSearchModule:UnityEditor.Search:ASIAI0B' with importer (ScriptedImporter : UnityEditor.QuickSearchModule:UnityEditor.Search:ASIAI0B)
Imported 'GUID: a9363cfe267d34972b0ca234e6e47fd0' -> (Import Result ID: 'afd08493a0427d057180ac5ad0fb7322') in 0.002 seconds [static and dynamic dependencies]. Details - ImportResultOutputID=5d81513651d7761f0e14d0a86f328912 DependenciesID=d11dadf5a0160fcb39c87a54a385488c StaticDependenciesID=3bfc1814fd848b5d936ddc5ecae6922c 
Number of updated asset objects reloaded before import = 0
Number of asset objects unloaded after import = 1
========================================================================
Received Import Request.
  Time of request: 2026-09-15T09:30:47.958959Z
  Time since last request: 0.000181667 seconds.
  importAddress: GUID: a0411f9b25ee244079347947a38e5d1f - Path: Assets/Sounds/Kenney Impacts/impactSoft_heavy_001.ogg - Importer: ScriptedImporter/UnityEditor.QuickSearchModule:UnityEditor.Search:ASIAI0B
Importing 'GUID: a0411f9b25ee244079347947a38e5d1f - Path: Assets/Sounds/Kenney Impacts/impactSoft_heavy_001.ogg - Importer: ScriptedImporter/UnityEditor.QuickSearchModule:UnityEditor.Search:ASIAI0B' with importer (ScriptedImporter : UnityEditor.QuickSearchModule:UnityEditor.Search:ASIAI0B)
Imported 'GUID: a0411f9b25ee244079347947a38e5d1f' -> (Import Result ID: '07dd254e491cac93066f8253ce04dcbd') in 0.002 seconds [static and dynamic dependencies]. Details - ImportResultOutputID=ef97647654d2c5c31f074bc4811cc992 DependenciesID=5f86ed2c0d8c747065d46df49bacb0f6 StaticDependenciesID=332ecad9100f818d1a234995b5ac9927 
Number of updated asset objects reloaded before import = 0
Number of asset objects unloaded after import = 1
========================================================================
Received Import Request.
  Time of request: 2026-09-15T09:30:47.967242Z
  Time since last request: 0.000220708 seconds.
  importAddress: GUID: bc4e37ca0035a466bbfbad4644aa56b9 - Path: Assets/Sounds/Kenney Impacts/impactWood_heavy_002.ogg - Importer: ScriptedImporter/UnityEditor.QuickSearchModule:UnityEditor.Search:ASIAI0B
Importing 'GUID: bc4e37ca0035a466bbfbad4644aa56b9 - Path: Assets/Sounds/Kenney Impacts/impactWood_heavy_002.ogg - Importer: ScriptedImporter/UnityEditor.QuickSearchModule:UnityEditor.Search:ASIAI0B' with importer (ScriptedImporter : UnityEditor.QuickSearchModule:UnityEditor.Search:ASIAI0B)
Imported 'GUID: bc4e37ca0035a466bbfbad4644aa56b9' -> (Import Result ID: '44776862f8e5887e0a4c3c78e46dd0cf') in 0.002 seconds [static and dynamic dependencies]. Details - ImportResultOutputID=59e986168c10a63681c9a1c8e40f9a9f DependenciesID=a61e71c0c876cd2305f9de366582915d StaticDependenciesID=45064a170615dcc326781b9596788220 
Number of updated asset objects reloaded before import = 0
Number of asset objects unloaded after import = 1
========================================================================
Received Import Request.
  Time of request: 2026-09-15T09:30:47.974799Z
  Time since last request: 0.00018575 seconds.
  importAddress: GUID: 71cb8bfe97814467d9c1eb06e3e1847d - Path: Assets/Sounds/Kenney Impacts/impactMetal_medium_004.ogg - Importer: ScriptedImporter/UnityEditor.QuickSearchModule:UnityEditor.Search:ASIAI0B
Importing 'GUID: 71cb8bfe97814467d9c1eb06e3e1847d - Path: Assets/Sounds/Kenney Impacts/impactMetal_medium_004.ogg - Importer: ScriptedImporter/UnityEditor.QuickSearchModule:UnityEditor.Search:ASIAI0B' with importer (ScriptedImporter : UnityEditor.QuickSearchModule:UnityEditor.Search:ASIAI0B)
Imported 'GUID: 71cb8bfe97814467d9c1eb06e3e1847d' -> (Import Result ID: 'f846b1ac6c4f1a56e1a6f71804802e79') in 0.002 seconds [static and dynamic dependencies]. Details - ImportResultOutputID=a46bc321e1da335b32430b3779bf64c0 DependenciesID=4d54edbbd56eebdc4fbb6d4808bf314c StaticDependenciesID=4c1108ec4223239b11bfe83f1689519f 
Number of updated asset objects reloaded before import = 0
Number of asset objects unloaded after import = 1
========================================================================
Received Import Request.
  Time of request: 2026-09-15T09:30:47.983004Z
  Time since last request: 0.000276042 seconds.
  importAddress: GUID: 801562507fd35460dbcd121933325673 - Path: Assets/Sounds/Kenney Impacts/impactWood_heavy_004.ogg - Importer: ScriptedImporter/UnityEditor.QuickSearchModule:UnityEditor.Search:ASIAI0B
Importing 'GUID: 801562507fd35460dbcd121933325673 - Path: Assets/Sounds/Kenney Impacts/impactWood_heavy_004.ogg - Importer: ScriptedImporter/UnityEditor.QuickSearchModule:UnityEditor.Search:ASIAI0B' with importer (ScriptedImporter : UnityEditor.QuickSearchModule:UnityEditor.Search:ASIAI0B)
Imported 'GUID: 801562507fd35460dbcd121933325673' -> (Import Result ID: '56a97336b9c1cc467a49cc97d9c44eb4') in 0.003 seconds [static and dynamic dependencies]. Details - ImportResultOutputID=6e80eb89c4a86a5f2ba48e1e9461df90 DependenciesID=67b3f674b86644b9b51f30ef11fbe3e1 StaticDependenciesID=4f3e15c0d1adc2022fa12207f83b312e 
Number of updated asset objects reloaded before import = 0
Number of asset objects unloaded after import = 1
========================================================================
Received Import Request.
  Time of request: 2026-09-15T09:30:47.991881Z
  Time since last request: 0.000122417 seconds.
  importAddress: GUID: 04d5a8e43486948849b75d7562af8914 - Path: Assets/Sounds/Kenney Impacts/impactMining_003.ogg - Importer: ScriptedImporter/UnityEditor.QuickSearchModule:UnityEditor.Search:ASIAI0B
Importing 'GUID: 04d5a8e43486948849b75d7562af8914 - Path: Assets/Sounds/Kenney Impacts/impactMining_003.ogg - Importer: ScriptedImporter/UnityEditor.QuickSearchModule:UnityEditor.Search:ASIAI0B' with importer (ScriptedImporter : UnityEditor.QuickSearchModule:UnityEditor.Search:ASIAI0B)
Imported 'GUID: 04d5a8e43486948849b75d7562af8914' -> (Import Result ID: '17cbdc6ebc66fc8cd3cde74e3b268510') in 0.001 seconds [static and dynamic dependencies]. Details - ImportResultOutputID=264dfc03cbd1432c3fa859191f6fde43 DependenciesID=0ca5757f875f1a73754106c4ac891df7 StaticDependenciesID=244d41e6daa669be863298b1acb39b72 
Number of updated asset objects reloaded before import = 0
Number of asset objects unloaded after import = 1
========================================================================
Received Import Request.
  Time of request: 2026-09-15T09:30:47.999089Z
  Time since last request: 0.000152375 seconds.
  importAddress: GUID: b1e5145df66de4aab9a38ff0119775c5 - Path: Assets/Sounds/Kenney Impacts/impactPlate_light_000.ogg - Importer: ScriptedImporter/UnityEditor.QuickSearchModule:UnityEditor.Search:ASIAI0B
Importing 'GUID: b1e5145df66de4aab9a38ff0119775c5 - Path: Assets/Sounds/Kenney Impacts/impactPlate_light_000.ogg - Importer: ScriptedImporter/UnityEditor.QuickSearchModule:UnityEditor.Search:ASIAI0B' with importer (ScriptedImporter : UnityEditor.QuickSearchModule:UnityEditor.Search:ASIAI0B)
Imported 'GUID: b1e5145df66de4aab9a38ff0119775c5' -> (Import Result ID: '8ef3d6e1dcd131f08e30a7bd6ad29cb9') in 0.001 seconds [static and dynamic dependencies]. Details - ImportResultOutputID=4582f4514c53eed0f416f1a9fd9d6e53 DependenciesID=eabcf4cf3a2ad4d3e460fbce5ad1bcb0 StaticDependenciesID=c04a7663482de70d3c09d3191d3c068e 
Number of updated asset objects reloaded before import = 0
Number of asset objects unloaded after import = 1
========================================================================
Received Import Request.
  Time of request: 2026-09-15T09:30:48.006302Z
  Time since last request: 0.000211 seconds.
  importAddress: GUID: 582f8b82fc35a41879f7733b642546b2 - Path: Assets/Sounds/Kenney Impacts/impactGlass_light_003.ogg - Importer: ScriptedImporter/UnityEditor.QuickSearchModule:UnityEditor.Search:ASIAI0B
Importing 'GUID: 582f8b82fc35a41879f7733b642546b2 - Path: Assets/Sounds/Kenney Impacts/impactGlass_light_003.ogg - Importer: ScriptedImporter/UnityEditor.QuickSearchModule:UnityEditor.Search:ASIAI0B' with importer (ScriptedImporter : UnityEditor.QuickSearchModule:UnityEditor.Search:ASIAI0B)
Imported 'GUID: 582f8b82fc35a41879f7733b642546b2' -> (Import Result ID: 'dd79f5023dc938eb722ce5dc44799123') in 0.001 seconds [static and dynamic dependencies]. Details - ImportResultOutputID=f26875bb65a3fb234a1df45a540effc7 DependenciesID=7a1dafc7599f0054e205906640b3967a StaticDependenciesID=893eeae02053e1ff8b7a36afe66c14ea 
Number of updated asset objects reloaded before import = 0
Number of asset objects unloaded after import = 1
========================================================================
Received Import Request.
  Time of request: 2026-09-15T09:30:48.013773Z
  Time since last request: 0.00024575 seconds.
  importAddress: GUID: d642e67e6d6df49229eb91504511ad2c - Path: Assets/Sounds/Kenney Impacts/impactPunch_medium_003.ogg - Importer: ScriptedImporter/UnityEditor.QuickSearchModule:UnityEditor.Search:ASIAI0B
Importing 'GUID: d642e67e6d6df49229eb91504511ad2c - Path: Assets/Sounds/Kenney Impacts/impactPunch_medium_003.ogg - Importer: ScriptedImporter/UnityEditor.QuickSearchModule:UnityEditor.Search:ASIAI0B' with importer (ScriptedImporter : UnityEditor.QuickSearchModule:UnityEditor.Search:ASIAI0B)
Imported 'GUID: d642e67e6d6df49229eb91504511ad2c' -> (Import Result ID: '7fa4d8329c0e46ecca0ce7293d20b7e3') in 0.002 seconds [static and dynamic dependencies]. Details - ImportResultOutputID=970f092b7c433e50c5e50506186135e2 DependenciesID=3a865484da6a99c9009661f9a17390a7 StaticDependenciesID=a620961b95a03442b94c7fcc1f760823 
Number of updated asset objects reloaded before import = 0
Number of asset objects unloaded after import = 1
========================================================================
Received Import Request.
  Time of request: 2026-09-15T09:30:48.021321Z
  Time since last request: 0.000121333 seconds.
  importAddress: GUID: 0374aa7cdac7442ac9814569eff5971f - Path: Assets/Sounds/Kenney Impacts/footstep_snow_002.ogg - Importer: ScriptedImporter/UnityEditor.QuickSearchModule:UnityEditor.Search:ASIAI0B
Importing 'GUID: 0374aa7cdac7442ac9814569eff5971f - Path: Assets/Sounds/Kenney Impacts/footstep_snow_002.ogg - Importer: ScriptedImporter/UnityEditor.QuickSearchModule:UnityEditor.Search:ASIAI0B' with importer (ScriptedImporter : UnityEditor.QuickSearchModule:UnityEditor.Search:ASIAI0B)
Imported 'GUID: 0374aa7cdac7442ac9814569eff5971f' -> (Import Result ID: '6b28e6415dd69f630c918323a6d718fa') in 0.001 seconds [static and dynamic dependencies]. Details - ImportResultOutputID=a3f2e52abccf8b6e00d56f6a6fc22b60 DependenciesID=b39b6a8542a793eaefdfaa9213f3d140 StaticDependenciesID=358031d88a5478be843e5865126443fb 
Number of updated asset objects reloaded before import = 0
Number of asset objects unloaded after import = 1
========================================================================
Received Import Request.
  Time of request: 2026-09-15T09:30:48.029064Z
  Time since last request: 0.000256 seconds.
  importAddress: GUID: d0efce3295485444596d69caaf87fdcc - Path: Assets/Sounds/Kenney Impacts/impactPunch_medium_004.ogg - Importer: ScriptedImporter/UnityEditor.QuickSearchModule:UnityEditor.Search:ASIAI0B
Importing 'GUID: d0efce3295485444596d69caaf87fdcc - Path: Assets/Sounds/Kenney Impacts/impactPunch_medium_004.ogg - Importer: ScriptedImporter/UnityEditor.QuickSearchModule:UnityEditor.Search:ASIAI0B' with importer (ScriptedImporter : UnityEditor.QuickSearchModule:UnityEditor.Search:ASIAI0B)
Imported 'GUID: d0efce3295485444596d69caaf87fdcc' -> (Import Result ID: '85739808a9edfdaf3c8f17479c017ff8') in 0.001 seconds [static and dynamic dependencies]. Details - ImportResultOutputID=7c92c4fb185c7d7b700cf58584e951e7 DependenciesID=37f459e24af3406f563a1a1e7907ebf5 StaticDependenciesID=79ee48a723e15bfb91203ebc23b33280 
Number of updated asset objects reloaded before import = 0
Number of asset objects unloaded after import = 1
========================================================================
Received Import Request.
  Time of request: 2026-09-15T09:30:48.036206Z
  Time since last request: 0.000201792 seconds.
  importAddress: GUID: 87feb33f946884c64b73f4f5375994be - Path: Assets/Sounds/Kenney Impacts/impactWood_medium_002.ogg - Importer: ScriptedImporter/UnityEditor.QuickSearchModule:UnityEditor.Search:ASIAI0B
Importing 'GUID: 87feb33f946884c64b73f4f5375994be - Path: Assets/Sounds/Kenney Impacts/impactWood_medium_002.ogg - Importer: ScriptedImporter/UnityEditor.QuickSearchModule:UnityEditor.Search:ASIAI0B' with importer (ScriptedImporter : UnityEditor.QuickSearchModule:UnityEditor.Search:ASIAI0B)
Imported 'GUID: 87feb33f946884c64b73f4f5375994be' -> (Import Result ID: '1f828bf52793933a72e463e27cbcb925') in 0.001 seconds [static and dynamic dependencies]. Details - ImportResultOutputID=c9ac74c650b53dea691dee8b482abd7c DependenciesID=6689d0dc810232129329d5744fa00b35 StaticDependenciesID=446205048fcb2c1125909cd1a0da5424 
Number of updated asset objects reloaded before import = 0
Number of asset objects unloaded after import = 1
========================================================================
Received Import Request.
  Time of request: 2026-09-15T09:30:48.043594Z
  Time since last request: 0.0002025 seconds.
  importAddress: GUID: 687554e85924040ff827fc2926aeef6d - Path: Assets/Sounds/Kenney Impacts/footstep_snow_001.ogg - Importer: ScriptedImporter/UnityEditor.QuickSearchModule:UnityEditor.Search:ASIAI0B
Importing 'GUID: 687554e85924040ff827fc2926aeef6d - Path: Assets/Sounds/Kenney Impacts/footstep_snow_001.ogg - Importer: ScriptedImporter/UnityEditor.QuickSearchModule:UnityEditor.Search:ASIAI0B' with importer (ScriptedImporter : UnityEditor.QuickSearchModule:UnityEditor.Search:ASIAI0B)
Imported 'GUID: 687554e85924040ff827fc2926aeef6d' -> (Import Result ID: 'e476846ccd18afd7d6c989990ed9d037') in 0.001 seconds [static and dynamic dependencies]. Details - ImportResultOutputID=6ca15b5939de5d569f6ec033b7c03678 DependenciesID=d655924ce4b1a65e20288ae772785483 StaticDependenciesID=f84bc6d1bf38907f9e74876e0890a28c 
Number of updated asset objects reloaded before import = 0
Number of asset objects unloaded after import = 1
========================================================================
Received Import Request.
  Time of request: 2026-09-15T09:30:48.051197Z
  Time since last request: 0.0003285 seconds.
  importAddress: GUID: 5c7cbaac384c2433a8a598dc2d6cc4ba - Path: Assets/Sounds/Kenney Impacts/impactGlass_medium_004.ogg - Importer: ScriptedImporter/UnityEditor.QuickSearchModule:UnityEditor.Search:ASIAI0B
Importing 'GUID: 5c7cbaac384c2433a8a598dc2d6cc4ba - Path: Assets/Sounds/Kenney Impacts/impactGlass_medium_004.ogg - Importer: ScriptedImporter/UnityEditor.QuickSearchModule:UnityEditor.Search:ASIAI0B' with importer (ScriptedImporter : UnityEditor.QuickSearchModule:UnityEditor.Search:ASIAI0B)
Imported 'GUID: 5c7cbaac384c2433a8a598dc2d6cc4ba' -> (Import Result ID: '7d23127fb96ecb1df346cdc4861530a7') in 0.001 seconds [static and dynamic dependencies]. Details - ImportResultOutputID=ebb944c598d4f9ae3c5bb1cd1240ad60 DependenciesID=1d75236ab6132d54c964a9ab09b346bc StaticDependenciesID=60101f921cc89dd42564ee6cf64d736f 
Number of updated asset objects reloaded before import = 0
Number of asset objects unloaded after import = 1
========================================================================
Received Import Request.
  Time of request: 2026-09-15T09:30:48.058658Z
  Time since last request: 0.000226875 seconds.
  importAddress: GUID: 1d0a47784b3774dd0aee3cbe8d3929b1 - Path: Assets/Sounds/Kenney Impacts/impactMining_002.ogg - Importer: ScriptedImporter/UnityEditor.QuickSearchModule:UnityEditor.Search:ASIAI0B
Importing 'GUID: 1d0a47784b3774dd0aee3cbe8d3929b1 - Path: Assets/Sounds/Kenney Impacts/impactMining_002.ogg - Importer: ScriptedImporter/UnityEditor.QuickSearchModule:UnityEditor.Search:ASIAI0B' with importer (ScriptedImporter : UnityEditor.QuickSearchModule:UnityEditor.Search:ASIAI0B)
Imported 'GUID: 1d0a47784b3774dd0aee3cbe8d3929b1' -> (Import Result ID: 'efa664885824106704912a5287788a51') in 0.001 seconds [static and dynamic dependencies]. Details - ImportResultOutputID=e7f1a024f194e4c3f677af249a6d0950 DependenciesID=f85fe5ded1cd40220e066c0af5fb8813 StaticDependenciesID=3c1a6999566ce93998134485024713fa 
Number of updated asset objects reloaded before import = 0
Number of asset objects unloaded after import = 1
========================================================================
Received Import Request.
  Time of request: 2026-09-15T09:30:48.066292Z
  Time since last request: 0.000236458 seconds.
  importAddress: GUID: 6cffee313fdf54d2f8efb008c2016f25 - Path: Assets/Sounds/Kenney Impacts/impactPlate_light_004.ogg - Importer: ScriptedImporter/UnityEditor.QuickSearchModule:UnityEditor.Search:ASIAI0B
Importing 'GUID: 6cffee313fdf54d2f8efb008c2016f25 - Path: Assets/Sounds/Kenney Impacts/impactPlate_light_004.ogg - Importer: ScriptedImporter/UnityEditor.QuickSearchModule:UnityEditor.Search:ASIAI0B' with importer (ScriptedImporter : UnityEditor.QuickSearchModule:UnityEditor.Search:ASIAI0B)
Imported 'GUID: 6cffee313fdf54d2f8efb008c2016f25' -> (Import Result ID: 'a724a7d6d8e95877f3852af6c4c5c6af') in 0.002 seconds [static and dynamic dependencies]. Details - ImportResultOutputID=e715efa996c30d1d49a189d54432a105 DependenciesID=87f91061cbe6bc1dfba1d8ca34c8a9d6 StaticDependenciesID=d4e95df74ab6c10d96fcb62fce00313c 
Number of updated asset objects reloaded before import = 0
Number of asset objects unloaded after import = 1
========================================================================
Received Import Request.
  Time of request: 2026-09-15T09:30:48.074739Z
  Time since last request: 0.000123666 seconds.
  importAddress: GUID: 1148ca489b4c246598bda06669b59b45 - Path: Assets/Sounds/Kenney Impacts/impactGlass_heavy_000.ogg - Importer: ScriptedImporter/UnityEditor.QuickSearchModule:UnityEditor.Search:ASIAI0B
Importing 'GUID: 1148ca489b4c246598bda06669b59b45 - Path: Assets/Sounds/Kenney Impacts/impactGlass_heavy_000.ogg - Importer: ScriptedImporter/UnityEditor.QuickSearchModule:UnityEditor.Search:ASIAI0B' with importer (ScriptedImporter : UnityEditor.QuickSearchModule:UnityEditor.Search:ASIAI0B)
Imported 'GUID: 1148ca489b4c246598bda06669b59b45' -> (Import Result ID: '85c26f206360e0a4c7d3b57825426617') in 0.001 seconds [static and dynamic dependencies]. Details - ImportResultOutputID=ccf4456825d779e3dd455cf503b46e7c DependenciesID=ba24455ddd5a318dba8beece8b784833 StaticDependenciesID=24470ab1e13493fc53b903132d597554 
Number of updated asset objects reloaded before import = 0
Number of asset objects unloaded after import = 1
========================================================================
Received Import Request.
  Time of request: 2026-09-15T09:30:48.082428Z
  Time since last request: 0.000217917 seconds.
  importAddress: GUID: dfea970eac0944d7abad734ee9ee13b8 - Path: Assets/Sounds/Kenney Impacts/impactTin_medium_004.ogg - Importer: ScriptedImporter/UnityEditor.QuickSearchModule:UnityEditor.Search:ASIAI0B
Importing 'GUID: dfea970eac0944d7abad734ee9ee13b8 - Path: Assets/Sounds/Kenney Impacts/impactTin_medium_004.ogg - Importer: ScriptedImporter/UnityEditor.QuickSearchModule:UnityEditor.Search:ASIAI0B' with importer (ScriptedImporter : UnityEditor.QuickSearchModule:UnityEditor.Search:ASIAI0B)
Imported 'GUID: dfea970eac0944d7abad734ee9ee13b8' -> (Import Result ID: 'e5ac9210324e6fe8cfcbf7ead277ef4d') in 0.002 seconds [static and dynamic dependencies]. Details - ImportResultOutputID=b4c45995c29da4ee8a688068a6dd8453 DependenciesID=6208e077d644dc787d8c5f1973e12cc5 StaticDependenciesID=f20c2a115858176fa312e7880e78554d 
Number of updated asset objects reloaded before import = 0
Number of asset objects unloaded after import = 1
========================================================================
Received Import Request.
  Time of request: 2026-09-15T09:30:48.090533Z
  Time since last request: 0.000242125 seconds.
  importAddress: GUID: 5ca271d86939c496aa019f58f4d03f9b - Path: Assets/Sounds/Kenney Impacts/footstep_snow_004.ogg - Importer: ScriptedImporter/UnityEditor.QuickSearchModule:UnityEditor.Search:ASIAI0B
Importing 'GUID: 5ca271d86939c496aa019f58f4d03f9b - Path: Assets/Sounds/Kenney Impacts/footstep_snow_004.ogg - Importer: ScriptedImporter/UnityEditor.QuickSearchModule:UnityEditor.Search:ASIAI0B' with importer (ScriptedImporter : UnityEditor.QuickSearchModule:UnityEditor.Search:ASIAI0B)
Imported 'GUID: 5ca271d86939c496aa019f58f4d03f9b' -> (Import Result ID: '30fcc7b4a64501d5c42f9b9cc8a08d5d') in 0.002 seconds [static and dynamic dependencies]. Details - ImportResultOutputID=6a0d84f26487ef866e0c589519f5e79c DependenciesID=63500e1a41df7e2023c4d3676a588737 StaticDependenciesID=756605773229672bdd6ebe9bafcfdb64 
Number of updated asset objects reloaded before import = 0
Number of asset objects unloaded after import = 1
========================================================================
Received Import Request.
  Time of request: 2026-09-15T09:30:48.098568Z
  Time since last request: 0.000212625 seconds.
  importAddress: GUID: 24e8fd98dbb05479386d8b6c62e77eee - Path: Assets/Sounds/Kenney Impacts/impactPlate_light_002.ogg - Importer: ScriptedImporter/UnityEditor.QuickSearchModule:UnityEditor.Search:ASIAI0B
Importing 'GUID: 24e8fd98dbb05479386d8b6c62e77eee - Path: Assets/Sounds/Kenney Impacts/impactPlate_light_002.ogg - Importer: ScriptedImporter/UnityEditor.QuickSearchModule:UnityEditor.Search:ASIAI0B' with importer (ScriptedImporter : UnityEditor.QuickSearchModule:UnityEditor.Search:ASIAI0B)
Imported 'GUID: 24e8fd98dbb05479386d8b6c62e77eee' -> (Import Result ID: '96f6413e193a425bd068d76b612627a2') in 0.002 seconds [static and dynamic dependencies]. Details - ImportResultOutputID=28f300bbdcb2fb21032c7ef42eac508f DependenciesID=fcf7d0b1d8583373718675c03b6dd621 StaticDependenciesID=954d8c7e71969119b7363982a9445e3e 
Number of updated asset objects reloaded before import = 0
Number of asset objects unloaded after import = 1
========================================================================
Received Import Request.
  Time of request: 2026-09-15T09:30:48.106621Z
  Time since last request: 0.000233875 seconds.
  importAddress: GUID: 2db6af1493b8442df870b2e811b8803f - Path: Assets/Sounds/Kenney Impacts/impactPunch_heavy_004.ogg - Importer: ScriptedImporter/UnityEditor.QuickSearchModule:UnityEditor.Search:ASIAI0B
Importing 'GUID: 2db6af1493b8442df870b2e811b8803f - Path: Assets/Sounds/Kenney Impacts/impactPunch_heavy_004.ogg - Importer: ScriptedImporter/UnityEditor.QuickSearchModule:UnityEditor.Search:ASIAI0B' with importer (ScriptedImporter : UnityEditor.QuickSearchModule:UnityEditor.Search:ASIAI0B)
Imported 'GUID: 2db6af1493b8442df870b2e811b8803f' -> (Import Result ID: 'cb3a4592592883bb042fc145ca221a57') in 0.001 seconds [static and dynamic dependencies]. Details - ImportResultOutputID=0388ab889d0c008f3841d45b215e367f DependenciesID=c296499bc28a728893314cd61c927c12 StaticDependenciesID=7a641427952d6742a79ecb21b06137fa 
Number of updated asset objects reloaded before import = 0
Number of asset objects unloaded after import = 1
========================================================================
Received Import Request.
  Time of request: 2026-09-15T09:30:48.132039Z
  Time since last request: 0.018620917 seconds.
  importAddress: GUID: 8662fc96cb05e4e459d712faa6cadb8f - Path: Assets/Sounds/Kenney Impacts/footstep_carpet_002.ogg - Importer: ScriptedImporter/UnityEditor.QuickSearchModule:UnityEditor.Search:ASIAI0B
Importing 'GUID: 8662fc96cb05e4e459d712faa6cadb8f - Path: Assets/Sounds/Kenney Impacts/footstep_carpet_002.ogg - Importer: ScriptedImporter/UnityEditor.QuickSearchModule:UnityEditor.Search:ASIAI0B' with importer (ScriptedImporter : UnityEditor.QuickSearchModule:UnityEditor.Search:ASIAI0B)
Imported 'GUID: 8662fc96cb05e4e459d712faa6cadb8f' -> (Import Result ID: 'def77646674aa370ce9fb7b5c28bc8b9') in 0.002 seconds [static and dynamic dependencies]. Details - ImportResultOutputID=7b13ae0ac11c9586c837b69a947880f7 DependenciesID=a363446a0e90ad7765b71e6c77a9671e StaticDependenciesID=e91741af918c12194453f6042b5c2217 
Number of updated asset objects reloaded before import = 0
Number of asset objects unloaded after import = 1
========================================================================
Received Import Request.
  Time of request: 2026-09-15T09:30:48.140753Z
  Time since last request: 0.00028775 seconds.
  importAddress: GUID: 4c867b5046db34c2abf37e043de966ba - Path: Assets/Sounds/Kenney Impacts/footstep_wood_002.ogg - Importer: ScriptedImporter/UnityEditor.QuickSearchModule:UnityEditor.Search:ASIAI0B
Importing 'GUID: 4c867b5046db34c2abf37e043de966ba - Path: Assets/Sounds/Kenney Impacts/footstep_wood_002.ogg - Importer: ScriptedImporter/UnityEditor.QuickSearchModule:UnityEditor.Search:ASIAI0B' with importer (ScriptedImporter : UnityEditor.QuickSearchModule:UnityEditor.Search:ASIAI0B)
Imported 'GUID: 4c867b5046db34c2abf37e043de966ba' -> (Import Result ID: '39d6e94eaccd3f620f574b17afdce403') in 0.001 seconds [static and dynamic dependencies]. Details - ImportResultOutputID=eb1a79ea07819397bb4cceeac00c1c89 DependenciesID=b27bccfdd3fbee556e517cfe59dff419 StaticDependenciesID=d1dd89af4d39e82f8ebf514ccf6abffd 
Number of updated asset objects reloaded before import = 0
Number of asset objects unloaded after import = 1
========================================================================
Received Import Request.
  Time of request: 2026-09-15T09:30:48.148649Z
  Time since last request: 0.000224334 seconds.
  importAddress: GUID: 3a6d1935c12f0494f9bc1cd671cb9409 - Path: Assets/Sounds/Kenney Impacts/impactWood_heavy_001.ogg - Importer: ScriptedImporter/UnityEditor.QuickSearchModule:UnityEditor.Search:ASIAI0B
Importing 'GUID: 3a6d1935c12f0494f9bc1cd671cb9409 - Path: Assets/Sounds/Kenney Impacts/impactWood_heavy_001.ogg - Importer: ScriptedImporter/UnityEditor.QuickSearchModule:UnityEditor.Search:ASIAI0B' with importer (ScriptedImporter : UnityEditor.QuickSearchModule:UnityEditor.Search:ASIAI0B)
Imported 'GUID: 3a6d1935c12f0494f9bc1cd671cb9409' -> (Import Result ID: '4acfd96d39af7119d8060c05a84f0bb1') in 0.003 seconds [static and dynamic dependencies]. Details - ImportResultOutputID=5e2fd121f61fffb4487b90ca609a2684 DependenciesID=6552775bfe7c2d37f789fd96189e1ccf StaticDependenciesID=8fddc5b8fb9bad655563cf5a7bb47e56 
Number of updated asset objects reloaded before import = 0
Number of asset objects unloaded after import = 1
========================================================================
Received Import Request.
  Time of request: 2026-09-15T09:30:48.157644Z
  Time since last request: 0.000157417 seconds.
  importAddress: GUID: 0b5449966b14142aaac012c273f9fca6 - Path: Assets/Sounds/Kenney Impacts/impactGeneric_light_000.ogg - Importer: ScriptedImporter/UnityEditor.QuickSearchModule:UnityEditor.Search:ASIAI0B
Importing 'GUID: 0b5449966b14142aaac012c273f9fca6 - Path: Assets/Sounds/Kenney Impacts/impactGeneric_light_000.ogg - Importer: ScriptedImporter/UnityEditor.QuickSearchModule:UnityEditor.Search:ASIAI0B' with importer (ScriptedImporter : UnityEditor.QuickSearchModule:UnityEditor.Search:ASIAI0B)
Imported 'GUID: 0b5449966b14142aaac012c273f9fca6' -> (Import Result ID: '262dda116d383450c53660faab3ab009') in 0.001 seconds [static and dynamic dependencies]. Details - ImportResultOutputID=e19ba6f4e0f84a0cfeeb037ba8d17958 DependenciesID=a2ce19a639830b6745e4f0b8785e2916 StaticDependenciesID=621333b0f7ad122fd2e38ac9519e58f6 
Number of updated asset objects reloaded before import = 0
Number of asset objects unloaded after import = 1
========================================================================
Received Import Request.
  Time of request: 2026-09-15T09:30:48.165041Z
  Time since last request: 0.000144292 seconds.
  importAddress: GUID: 15c86549934e74b039cc8bbfab9804b0 - Path: Assets/Sounds/Kenney Impacts/footstep_snow_003.ogg - Importer: ScriptedImporter/UnityEditor.QuickSearchModule:UnityEditor.Search:ASIAI0B
Importing 'GUID: 15c86549934e74b039cc8bbfab9804b0 - Path: Assets/Sounds/Kenney Impacts/footstep_snow_003.ogg - Importer: ScriptedImporter/UnityEditor.QuickSearchModule:UnityEditor.Search:ASIAI0B' with importer (ScriptedImporter : UnityEditor.QuickSearchModule:UnityEditor.Search:ASIAI0B)
Imported 'GUID: 15c86549934e74b039cc8bbfab9804b0' -> (Import Result ID: '4e90517a532ec5e328e3c8c9d4585f09') in 0.002 seconds [static and dynamic dependencies]. Details - ImportResultOutputID=563e877bf080fa3ab36a94cdc6a9ba9b DependenciesID=f02107772d8b2ae9263fb8db3b009174 StaticDependenciesID=c042927100632101f8441bb093ffc4a2 
Number of updated asset objects reloaded before import = 0
Number of asset objects unloaded after import = 1
========================================================================
Received Import Request.
  Time of request: 2026-09-15T09:30:48.172603Z
  Time since last request: 0.000223667 seconds.
  importAddress: GUID: 5171ac3bdae6849309b4d1443291408f - Path: Assets/Sounds/Kenney Impacts/impactPlate_light_001.ogg - Importer: ScriptedImporter/UnityEditor.QuickSearchModule:UnityEditor.Search:ASIAI0B
Importing 'GUID: 5171ac3bdae6849309b4d1443291408f - Path: Assets/Sounds/Kenney Impacts/impactPlate_light_001.ogg - Importer: ScriptedImporter/UnityEditor.QuickSearchModule:UnityEditor.Search:ASIAI0B' with importer (ScriptedImporter : UnityEditor.QuickSearchModule:UnityEditor.Search:ASIAI0B)
Imported 'GUID: 5171ac3bdae6849309b4d1443291408f' -> (Import Result ID: 'ceb5123fc85956ac5204e56d413fd9a9') in 0.002 seconds [static and dynamic dependencies]. Details - ImportResultOutputID=d0ece21a2405230e6f2c5d0850e56b0e DependenciesID=e9e4a86211414208d76a5aba29f2091c StaticDependenciesID=bad189730ac348f5236b3d480326761e 
Number of updated asset objects reloaded before import = 0
Number of asset objects unloaded after import = 1
========================================================================
Received Import Request.
  Time of request: 2026-09-15T09:30:48.180257Z
  Time since last request: 0.000337833 seconds.
  importAddress: GUID: 92c4c63575e12420b9ae281146d38b8f - Path: Assets/Sounds/Kenney Impacts/impactGlass_light_004.ogg - Importer: ScriptedImporter/UnityEditor.QuickSearchModule:UnityEditor.Search:ASIAI0B
Importing 'GUID: 92c4c63575e12420b9ae281146d38b8f - Path: Assets/Sounds/Kenney Impacts/impactGlass_light_004.ogg - Importer: ScriptedImporter/UnityEditor.QuickSearchModule:UnityEditor.Search:ASIAI0B' with importer (ScriptedImporter : UnityEditor.QuickSearchModule:UnityEditor.Search:ASIAI0B)
Imported 'GUID: 92c4c63575e12420b9ae281146d38b8f' -> (Import Result ID: '618c5951921c54778e39bb16b84537b3') in 0.001 seconds [static and dynamic dependencies]. Details - ImportResultOutputID=63dc1be249c6c17e3b2ff61262dfac91 DependenciesID=11a4f733e0798245dfd41bfb57f7aaed StaticDependenciesID=a7b613c733baf784bfc36401260b5ac7 
Number of updated asset objects reloaded before import = 0
Number of asset objects unloaded after import = 1
========================================================================
Received Import Request.
  Time of request: 2026-09-15T09:30:48.187651Z
  Time since last request: 0.000217458 seconds.
  importAddress: GUID: 9b98917047d9f41b4a462acc8d654778 - Path: Assets/Sounds/Kenney Impacts/impactWood_medium_000.ogg - Importer: ScriptedImporter/UnityEditor.QuickSearchModule:UnityEditor.Search:ASIAI0B
Importing 'GUID: 9b98917047d9f41b4a462acc8d654778 - Path: Assets/Sounds/Kenney Impacts/impactWood_medium_000.ogg - Importer: ScriptedImporter/UnityEditor.QuickSearchModule:UnityEditor.Search:ASIAI0B' with importer (ScriptedImporter : UnityEditor.QuickSearchModule:UnityEditor.Search:ASIAI0B)
Imported 'GUID: 9b98917047d9f41b4a462acc8d654778' -> (Import Result ID: '575063ecd0b28583b45de8650c6775f8') in 0.002 seconds [static and dynamic dependencies]. Details - ImportResultOutputID=96db4ebfa30f00efb9e14098a24d1780 DependenciesID=dcc584eedcd6c959c2ded39f9ffdae57 StaticDependenciesID=55ce6fadb0381f8bfa41dcabe704b48d 
Number of updated asset objects reloaded before import = 0
Number of asset objects unloaded after import = 1
========================================================================
Received Import Request.
  Time of request: 2026-09-15T09:30:48.195361Z
  Time since last request: 0.000229459 seconds.
  importAddress: GUID: 0f86ddfcd68184950ac4b2e4a367583c - Path: Assets/Sounds/Kenney Impacts/footstep_wood_001.ogg - Importer: ScriptedImporter/UnityEditor.QuickSearchModule:UnityEditor.Search:ASIAI0B
Importing 'GUID: 0f86ddfcd68184950ac4b2e4a367583c - Path: Assets/Sounds/Kenney Impacts/footstep_wood_001.ogg - Importer: ScriptedImporter/UnityEditor.QuickSearchModule:UnityEditor.Search:ASIAI0B' with importer (ScriptedImporter : UnityEditor.QuickSearchModule:UnityEditor.Search:ASIAI0B)
Imported 'GUID: 0f86ddfcd68184950ac4b2e4a367583c' -> (Import Result ID: 'c61e77ccca7f216dd75ff16a8c633d62') in 0.002 seconds [static and dynamic dependencies]. Details - ImportResultOutputID=5ae10457db805a18cd7152489683d56b DependenciesID=7d287b2a7063e2c160cca4057bf7eb92 StaticDependenciesID=66401474762594096b61d4e3246b3f10 
Number of updated asset objects reloaded before import = 0
Number of asset objects unloaded after import = 1
========================================================================
Received Import Request.
  Time of request: 2026-09-15T09:30:48.203323Z
  Time since last request: 0.000118666 seconds.
  importAddress: GUID: d4ba550c1be4f426c8c97f1348526557 - Path: Assets/Sounds/Kenney Impacts/impactSoft_medium_003.ogg - Importer: ScriptedImporter/UnityEditor.QuickSearchModule:UnityEditor.Search:ASIAI0B
Importing 'GUID: d4ba550c1be4f426c8c97f1348526557 - Path: Assets/Sounds/Kenney Impacts/impactSoft_medium_003.ogg - Importer: ScriptedImporter/UnityEditor.QuickSearchModule:UnityEditor.Search:ASIAI0B' with importer (ScriptedImporter : UnityEditor.QuickSearchModule:UnityEditor.Search:ASIAI0B)
Imported 'GUID: d4ba550c1be4f426c8c97f1348526557' -> (Import Result ID: '718341e18c18530a4c7e6ebefcf8edd3') in 0.001 seconds [static and dynamic dependencies]. Details - ImportResultOutputID=5d878da2c69be1708719c174da5304c3 DependenciesID=9cd4531fd703d4f2bae91db5420ad336 StaticDependenciesID=534cb8b8e6169cbc92efc9ce1da6d2c9 
Number of updated asset objects reloaded before import = 0
Number of asset objects unloaded after import = 1
========================================================================
Received Import Request.
  Time of request: 2026-09-15T09:30:48.210378Z
  Time since last request: 0.000229958 seconds.
  importAddress: GUID: 1f01c079c71194efcb131823fa14d1bc - Path: Assets/Sounds/Kenney Impacts/impactSoft_medium_002.ogg - Importer: ScriptedImporter/UnityEditor.QuickSearchModule:UnityEditor.Search:ASIAI0B
Importing 'GUID: 1f01c079c71194efcb131823fa14d1bc - Path: Assets/Sounds/Kenney Impacts/impactSoft_medium_002.ogg - Importer: ScriptedImporter/UnityEditor.QuickSearchModule:UnityEditor.Search:ASIAI0B' with importer (ScriptedImporter : UnityEditor.QuickSearchModule:UnityEditor.Search:ASIAI0B)
Imported 'GUID: 1f01c079c71194efcb131823fa14d1bc' -> (Import Result ID: '3614177b8500fb60bb70b91d61505241') in 0.001 seconds [static and dynamic dependencies]. Details - ImportResultOutputID=c87f8469659280c00e565c17e146dfbf DependenciesID=91ef0de41440c7a77c2a6fca74bd4e91 StaticDependenciesID=910e1615380358d2804378a9198ede67 
Number of updated asset objects reloaded before import = 0
Number of asset objects unloaded after import = 1
========================================================================
Received Import Request.
  Time of request: 2026-09-15T09:30:48.217675Z
  Time since last request: 0.000203125 seconds.
  importAddress: GUID: 53633480402f2452cb999833aada6ec5 - Path: Assets/Sounds/Kenney Impacts/impactPlate_heavy_004.ogg - Importer: ScriptedImporter/UnityEditor.QuickSearchModule:UnityEditor.Search:ASIAI0B
Importing 'GUID: 53633480402f2452cb999833aada6ec5 - Path: Assets/Sounds/Kenney Impacts/impactPlate_heavy_004.ogg - Importer: ScriptedImporter/UnityEditor.QuickSearchModule:UnityEditor.Search:ASIAI0B' with importer (ScriptedImporter : UnityEditor.QuickSearchModule:UnityEditor.Search:ASIAI0B)
Imported 'GUID: 53633480402f2452cb999833aada6ec5' -> (Import Result ID: 'cbb015ad8d731c31cc4c2a46d1db48b7') in 0.001 seconds [static and dynamic dependencies]. Details - ImportResultOutputID=6cc6d1e7ec80aa6ccf16216a35dd4694 DependenciesID=b181f8167d9bd1d25bb1c00e4a5486de StaticDependenciesID=2fa45d7c1ae3f5d36a5f92108ff7a939 
Number of updated asset objects reloaded before import = 0
Number of asset objects unloaded after import = 1
========================================================================
Received Import Request.
  Time of request: 2026-09-15T09:30:48.225243Z
  Time since last request: 0.000229167 seconds.
  importAddress: GUID: 10f272417216940ebb59d99495ac93aa - Path: Assets/Sounds/Kenney Impacts/impactPlate_heavy_001.ogg - Importer: ScriptedImporter/UnityEditor.QuickSearchModule:UnityEditor.Search:ASIAI0B
Importing 'GUID: 10f272417216940ebb59d99495ac93aa - Path: Assets/Sounds/Kenney Impacts/impactPlate_heavy_001.ogg - Importer: ScriptedImporter/UnityEditor.QuickSearchModule:UnityEditor.Search:ASIAI0B' with importer (ScriptedImporter : UnityEditor.QuickSearchModule:UnityEditor.Search:ASIAI0B)
Imported 'GUID: 10f272417216940ebb59d99495ac93aa' -> (Import Result ID: '0d272c31332ca7deddb4c1c5db9a410c') in 0.001 seconds [static and dynamic dependencies]. Details - ImportResultOutputID=cd9b166dd7114014fe273ffb8b7e4d1a DependenciesID=0b4938e371a3fb6f77c88864b437845f StaticDependenciesID=e86ec821c7e75ac10c4a7fa8ddf6cc57 
Number of updated asset objects reloaded before import = 0
Number of asset objects unloaded after import = 1
========================================================================
Received Import Request.
  Time of request: 2026-09-15T09:30:48.2325Z
  Time since last request: 0.000215833 seconds.
  importAddress: GUID: 91ea2300f9ee94b898fee2ddfd76480c - Path: Assets/Sounds/Kenney Impacts/impactPunch_heavy_002.ogg - Importer: ScriptedImporter/UnityEditor.QuickSearchModule:UnityEditor.Search:ASIAI0B
Importing 'GUID: 91ea2300f9ee94b898fee2ddfd76480c - Path: Assets/Sounds/Kenney Impacts/impactPunch_heavy_002.ogg - Importer: ScriptedImporter/UnityEditor.QuickSearchModule:UnityEditor.Search:ASIAI0B' with importer (ScriptedImporter : UnityEditor.QuickSearchModule:UnityEditor.Search:ASIAI0B)
Imported 'GUID: 91ea2300f9ee94b898fee2ddfd76480c' -> (Import Result ID: '58346b13c2caa12135cd99d75a65759e') in 0.001 seconds [static and dynamic dependencies]. Details - ImportResultOutputID=ae1af84cc2167af9d5f9aa5a6637f910 DependenciesID=0edfb8e5efb63048cb3afae5e4dcd3a8 StaticDependenciesID=b58f62dfb3126b0e01ae82c087ff0e71 
Number of updated asset objects reloaded before import = 0
Number of asset objects unloaded after import = 1
========================================================================
Received Import Request.
  Time of request: 2026-09-15T09:30:48.240479Z
  Time since last request: 0.000243 seconds.
  importAddress: GUID: b02634ac83130443099f8609213147f1 - Path: Assets/Sounds/Kenney Impacts/impactPunch_heavy_001.ogg - Importer: ScriptedImporter/UnityEditor.QuickSearchModule:UnityEditor.Search:ASIAI0B
Importing 'GUID: b02634ac83130443099f8609213147f1 - Path: Assets/Sounds/Kenney Impacts/impactPunch_heavy_001.ogg - Importer: ScriptedImporter/UnityEditor.QuickSearchModule:UnityEditor.Search:ASIAI0B' with importer (ScriptedImporter : UnityEditor.QuickSearchModule:UnityEditor.Search:ASIAI0B)
Imported 'GUID: b02634ac83130443099f8609213147f1' -> (Import Result ID: '373de2d5e654437e58106d8baa25d27d') in 0.001 seconds [static and dynamic dependencies]. Details - ImportResultOutputID=0ced805f205bfb15b64f3cead7d9fb15 DependenciesID=e7c899ecb3cae3fba7d15c9c52c9bc40 StaticDependenciesID=abc3bd84848c125cb69ed9c8a0ee7547 
Number of updated asset objects reloaded before import = 0
Number of asset objects unloaded after import = 1
========================================================================
Received Import Request.
  Time of request: 2026-09-15T09:30:48.247979Z
  Time since last request: 0.000220917 seconds.
  importAddress: GUID: 1ba20de3c1b8c4fb18187eb5988842ca - Path: Assets/Sounds/Kenney Impacts/impactMining_001.ogg - Importer: ScriptedImporter/UnityEditor.QuickSearchModule:UnityEditor.Search:ASIAI0B
Importing 'GUID: 1ba20de3c1b8c4fb18187eb5988842ca - Path: Assets/Sounds/Kenney Impacts/impactMining_001.ogg - Importer: ScriptedImporter/UnityEditor.QuickSearchModule:UnityEditor.Search:ASIAI0B' with importer (ScriptedImporter : UnityEditor.QuickSearchModule:UnityEditor.Search:ASIAI0B)
Imported 'GUID: 1ba20de3c1b8c4fb18187eb5988842ca' -> (Import Result ID: 'c89f66c6ba9c4dd0e86f0d3a43abdd7f') in 0.002 seconds [static and dynamic dependencies]. Details - ImportResultOutputID=7fee72025706f5aefcb47f40f6fdc983 DependenciesID=958266a4e331868c963c8692248b054a StaticDependenciesID=d90df51c3c303024908522a1b1a80fcd 
Number of updated asset objects reloaded before import = 0
Number of asset objects unloaded after import = 1
========================================================================
Received Import Request.
  Time of request: 2026-09-15T09:30:48.256024Z
  Time since last request: 0.000205416 seconds.
  importAddress: GUID: 16a280457f5c043868fea16c075e0372 - Path: Assets/Sounds/Kenney Impacts/impactSoft_medium_004.ogg - Importer: ScriptedImporter/UnityEditor.QuickSearchModule:UnityEditor.Search:ASIAI0B
Importing 'GUID: 16a280457f5c043868fea16c075e0372 - Path: Assets/Sounds/Kenney Impacts/impactSoft_medium_004.ogg - Importer: ScriptedImporter/UnityEditor.QuickSearchModule:UnityEditor.Search:ASIAI0B' with importer (ScriptedImporter : UnityEditor.QuickSearchModule:UnityEditor.Search:ASIAI0B)
Imported 'GUID: 16a280457f5c043868fea16c075e0372' -> (Import Result ID: '0b1dea3d2cf1fd8e593586724f905bae') in 0.001 seconds [static and dynamic dependencies]. Details - ImportResultOutputID=ba411cd83ef78a802fefd79d6a33cce6 DependenciesID=36c16b62d00466ef4e6bf3e37b750479 StaticDependenciesID=b603411d528d1433744eb0b263f88333 
Number of updated asset objects reloaded before import = 0
Number of asset objects unloaded after import = 1
========================================================================
Received Import Request.
  Time of request: 2026-09-15T09:30:48.2637Z
  Time since last request: 0.000273333 seconds.
  importAddress: GUID: d74825575cdb74aa5b86c29d69281f07 - Path: Assets/Sounds/Kenney Impacts/impactMetal_light_003.ogg - Importer: ScriptedImporter/UnityEditor.QuickSearchModule:UnityEditor.Search:ASIAI0B
Importing 'GUID: d74825575cdb74aa5b86c29d69281f07 - Path: Assets/Sounds/Kenney Impacts/impactMetal_light_003.ogg - Importer: ScriptedImporter/UnityEditor.QuickSearchModule:UnityEditor.Search:ASIAI0B' with importer (ScriptedImporter : UnityEditor.QuickSearchModule:UnityEditor.Search:ASIAI0B)
Imported 'GUID: d74825575cdb74aa5b86c29d69281f07' -> (Import Result ID: '7e7f2658a3de30669c36ebe9598e784d') in 0.002 seconds [static and dynamic dependencies]. Details - ImportResultOutputID=11ccaa28298c654cd5ca340bac8ed140 DependenciesID=38cbb43f82783cd2f3cb42618c3c2792 StaticDependenciesID=50bf115088c4a30ddfcef52858f267a8 
Number of updated asset objects reloaded before import = 0
Number of asset objects unloaded after import = 1
========================================================================
Received Import Request.
  Time of request: 2026-09-15T09:30:48.271263Z
  Time since last request: 0.000243583 seconds.
  importAddress: GUID: 29e935d7939594334b710f80d8b2dc58 - Path: Assets/Sounds/Kenney Impacts/impactBell_heavy_004.ogg - Importer: ScriptedImporter/UnityEditor.QuickSearchModule:UnityEditor.Search:ASIAI0B
Importing 'GUID: 29e935d7939594334b710f80d8b2dc58 - Path: Assets/Sounds/Kenney Impacts/impactBell_heavy_004.ogg - Importer: ScriptedImporter/UnityEditor.QuickSearchModule:UnityEditor.Search:ASIAI0B' with importer (ScriptedImporter : UnityEditor.QuickSearchModule:UnityEditor.Search:ASIAI0B)
Imported 'GUID: 29e935d7939594334b710f80d8b2dc58' -> (Import Result ID: '1f14330e0e38cd3cda4b9742844e90c7') in 0.002 seconds [static and dynamic dependencies]. Details - ImportResultOutputID=415de4a03854c98b0441ae83e487de9e DependenciesID=917b066acf007b0cee5880460e2a93cf StaticDependenciesID=e4f4570653816f413bea48eedd92cb4f 
Number of updated asset objects reloaded before import = 0
Number of asset objects unloaded after import = 1
========================================================================
Received Import Request.
  Time of request: 2026-09-15T09:30:48.279484Z
  Time since last request: 0.000310166 seconds.
  importAddress: GUID: 326ad4128a50c4d2bb03ed4493947914 - Path: Assets/Sounds/Kenney Impacts/impactGeneric_light_002.ogg - Importer: ScriptedImporter/UnityEditor.QuickSearchModule:UnityEditor.Search:ASIAI0B
Importing 'GUID: 326ad4128a50c4d2bb03ed4493947914 - Path: Assets/Sounds/Kenney Impacts/impactGeneric_light_002.ogg - Importer: ScriptedImporter/UnityEditor.QuickSearchModule:UnityEditor.Search:ASIAI0B' with importer (ScriptedImporter : UnityEditor.QuickSearchModule:UnityEditor.Search:ASIAI0B)
Imported 'GUID: 326ad4128a50c4d2bb03ed4493947914' -> (Import Result ID: '598297feee5697ea5705d429d21f130e') in 0.002 seconds [static and dynamic dependencies]. Details - ImportResultOutputID=635f993889dd6492ef174bee2461804a DependenciesID=e41274e48d53c7af664d0971802ddd58 StaticDependenciesID=caf8d37063415b681969fd1335684ede 
Number of updated asset objects reloaded before import = 0
Number of asset objects unloaded after import = 1
========================================================================
Received Import Request.
  Time of request: 2026-09-15T09:30:48.286923Z
  Time since last request: 0.000209375 seconds.
  importAddress: GUID: 7931873b28a2342b5bbbd313c38f2654 - Path: Assets/Sounds/Kenney Impacts/footstep_carpet_000.ogg - Importer: ScriptedImporter/UnityEditor.QuickSearchModule:UnityEditor.Search:ASIAI0B
Importing 'GUID: 7931873b28a2342b5bbbd313c38f2654 - Path: Assets/Sounds/Kenney Impacts/footstep_carpet_000.ogg - Importer: ScriptedImporter/UnityEditor.QuickSearchModule:UnityEditor.Search:ASIAI0B' with importer (ScriptedImporter : UnityEditor.QuickSearchModule:UnityEditor.Search:ASIAI0B)
Imported 'GUID: 7931873b28a2342b5bbbd313c38f2654' -> (Import Result ID: '8366870983716c4d4fd1b3a8585868c0') in 0.001 seconds [static and dynamic dependencies]. Details - ImportResultOutputID=63fae471de03ab664c7a64bfa2c86161 DependenciesID=1ea587e361b5a3c224a7bebd6abcff25 StaticDependenciesID=cc099d7efd1d6914619407b8eafb9823 
Number of updated asset objects reloaded before import = 0
Number of asset objects unloaded after import = 1
========================================================================
Received Import Request.
  Time of request: 2026-09-15T09:30:48.293931Z
  Time since last request: 0.000288958 seconds.
  importAddress: GUID: 8dee7bd41905c4390be22d5887f9834d - Path: Assets/Sounds/Kenney Impacts/footstep_wood_004.ogg - Importer: ScriptedImporter/UnityEditor.QuickSearchModule:UnityEditor.Search:ASIAI0B
Importing 'GUID: 8dee7bd41905c4390be22d5887f9834d - Path: Assets/Sounds/Kenney Impacts/footstep_wood_004.ogg - Importer: ScriptedImporter/UnityEditor.QuickSearchModule:UnityEditor.Search:ASIAI0B' with importer (ScriptedImporter : UnityEditor.QuickSearchModule:UnityEditor.Search:ASIAI0B)
Imported 'GUID: 8dee7bd41905c4390be22d5887f9834d' -> (Import Result ID: '5bbe0c5ad6b097f833d16f93660a5bcb') in 0.002 seconds [static and dynamic dependencies]. Details - ImportResultOutputID=fb948cb05b3cfab06270bb163d20f59f DependenciesID=e881ef83d947059a49d6d0a7d4f498dc StaticDependenciesID=c16e3045af95b897b8584bcc272a2c2c 
Number of updated asset objects reloaded before import = 0
Number of asset objects unloaded after import = 1
========================================================================
Received Import Request.
  Time of request: 2026-09-15T09:30:48.302617Z
  Time since last request: 0.000243708 seconds.
  importAddress: GUID: b18ce1d33bf574c9c8f906310abef67e - Path: Assets/Sounds/Kenney Impacts/footstep_grass_004.ogg - Importer: ScriptedImporter/UnityEditor.QuickSearchModule:UnityEditor.Search:ASIAI0B
Importing 'GUID: b18ce1d33bf574c9c8f906310abef67e - Path: Assets/Sounds/Kenney Impacts/footstep_grass_004.ogg - Importer: ScriptedImporter/UnityEditor.QuickSearchModule:UnityEditor.Search:ASIAI0B' with importer (ScriptedImporter : UnityEditor.QuickSearchModule:UnityEditor.Search:ASIAI0B)
Imported 'GUID: b18ce1d33bf574c9c8f906310abef67e' -> (Import Result ID: '9746a615481e8ed5e3018caf0df8e6d8') in 0.002 seconds [static and dynamic dependencies]. Details - ImportResultOutputID=7b99608077b5079f34e349eb5b23cc46 DependenciesID=2b770b0e8e6c7a459555db0eb8d5b67f StaticDependenciesID=d290f9fd748f567f94fa95e33683df07 
Number of updated asset objects reloaded before import = 0
Number of asset objects unloaded after import = 1
========================================================================
Received Import Request.
  Time of request: 2026-09-15T09:30:48.310806Z
  Time since last request: 0.00016725 seconds.
  importAddress: GUID: 91b3e9e4cec53426cbb22eada44fb306 - Path: Assets/Sounds/Kenney Impacts/impactMetal_medium_000.ogg - Importer: ScriptedImporter/UnityEditor.QuickSearchModule:UnityEditor.Search:ASIAI0B
Importing 'GUID: 91b3e9e4cec53426cbb22eada44fb306 - Path: Assets/Sounds/Kenney Impacts/impactMetal_medium_000.ogg - Importer: ScriptedImporter/UnityEditor.QuickSearchModule:UnityEditor.Search:ASIAI0B' with importer (ScriptedImporter : UnityEditor.QuickSearchModule:UnityEditor.Search:ASIAI0B)
Imported 'GUID: 91b3e9e4cec53426cbb22eada44fb306' -> (Import Result ID: '37bc66ac4565cc609550326b7df7377e') in 0.002 seconds [static and dynamic dependencies]. Details - ImportResultOutputID=684a06e42e1f6d61a27bf17557b83a9f DependenciesID=834ea8e1895ba0a28066d89c048820bf StaticDependenciesID=1b77a621f142c01d0973cb6bcc3a9210 
Number of updated asset objects reloaded before import = 0
Number of asset objects unloaded after import = 1
========================================================================
Received Import Request.
  Time of request: 2026-09-15T09:30:48.318264Z
  Time since last request: 0.000151709 seconds.
  importAddress: GUID: 159e8ecbcd44244a788678b115c361aa - Path: Assets/Sounds/Kenney Impacts/footstep_grass_001.ogg - Importer: ScriptedImporter/UnityEditor.QuickSearchModule:UnityEditor.Search:ASIAI0B
Importing 'GUID: 159e8ecbcd44244a788678b115c361aa - Path: Assets/Sounds/Kenney Impacts/footstep_grass_001.ogg - Importer: ScriptedImporter/UnityEditor.QuickSearchModule:UnityEditor.Search:ASIAI0B' with importer (ScriptedImporter : UnityEditor.QuickSearchModule:UnityEditor.Search:ASIAI0B)
Imported 'GUID: 159e8ecbcd44244a788678b115c361aa' -> (Import Result ID: 'fb00b7b0a57f15d9d58e36ca2977213b') in 0.001 seconds [static and dynamic dependencies]. Details - ImportResultOutputID=9d3b5771c60172849561a0c711c83b6c DependenciesID=279b5df07456d6ebe31fdfd4b92a4b1d StaticDependenciesID=7392a5c78c36b35d23c963fc51f5bdf4 
Number of updated asset objects reloaded before import = 0
Number of asset objects unloaded after import = 1
========================================================================
Received Import Request.
  Time of request: 2026-09-15T09:30:48.325785Z
  Time since last request: 0.000202417 seconds.
  importAddress: GUID: 17d333015e72b4968bac3d1eb7458d5c - Path: Assets/Sounds/Kenney Impacts/impactBell_heavy_002.ogg - Importer: ScriptedImporter/UnityEditor.QuickSearchModule:UnityEditor.Search:ASIAI0B
Importing 'GUID: 17d333015e72b4968bac3d1eb7458d5c - Path: Assets/Sounds/Kenney Impacts/impactBell_heavy_002.ogg - Importer: ScriptedImporter/UnityEditor.QuickSearchModule:UnityEditor.Search:ASIAI0B' with importer (ScriptedImporter : UnityEditor.QuickSearchModule:UnityEditor.Search:ASIAI0B)
Imported 'GUID: 17d333015e72b4968bac3d1eb7458d5c' -> (Import Result ID: '61a9add300f75da08af6b4461a23fae3') in 0.002 seconds [static and dynamic dependencies]. Details - ImportResultOutputID=8c45541da18316a388aa0892349b4e6d DependenciesID=f90bf1fdbd3d22d1ef863c94a4b18a21 StaticDependenciesID=abd1d968b8e81bd5657b4891a7a54169 
Number of updated asset objects reloaded before import = 0
Number of asset objects unloaded after import = 1
========================================================================
Received Import Request.
  Time of request: 2026-09-15T09:30:48.334027Z
  Time since last request: 0.000257333 seconds.
  importAddress: GUID: 888a904139edb481e9adf24809229178 - Path: Assets/Sounds/Kenney Impacts/impactSoft_medium_001.ogg - Importer: ScriptedImporter/UnityEditor.QuickSearchModule:UnityEditor.Search:ASIAI0B
Importing 'GUID: 888a904139edb481e9adf24809229178 - Path: Assets/Sounds/Kenney Impacts/impactSoft_medium_001.ogg - Importer: ScriptedImporter/UnityEditor.QuickSearchModule:UnityEditor.Search:ASIAI0B' with importer (ScriptedImporter : UnityEditor.QuickSearchModule:UnityEditor.Search:ASIAI0B)
Imported 'GUID: 888a904139edb481e9adf24809229178' -> (Import Result ID: '93e97f93dc19803115594ce150f35f1e') in 0.001 seconds [static and dynamic dependencies]. Details - ImportResultOutputID=79698adaa948627bfc4ae1ee4bec2a72 DependenciesID=a3da54eee284dca15a341527c4700a7c StaticDependenciesID=cfc07d91c53873af109d23a81e5c2014 
Number of updated asset objects reloaded before import = 0
Number of asset objects unloaded after import = 1
========================================================================
Received Import Request.
  Time of request: 2026-09-15T09:30:48.341529Z
  Time since last request: 0.000187334 seconds.
  importAddress: GUID: 2cad4879b0f9240cf83cea04e2ad6bd6 - Path: Assets/Sounds/Kenney Impacts/impactPlank_medium_003.ogg - Importer: ScriptedImporter/UnityEditor.QuickSearchModule:UnityEditor.Search:ASIAI0B
Importing 'GUID: 2cad4879b0f9240cf83cea04e2ad6bd6 - Path: Assets/Sounds/Kenney Impacts/impactPlank_medium_003.ogg - Importer: ScriptedImporter/UnityEditor.QuickSearchModule:UnityEditor.Search:ASIAI0B' with importer (ScriptedImporter : UnityEditor.QuickSearchModule:UnityEditor.Search:ASIAI0B)
Imported 'GUID: 2cad4879b0f9240cf83cea04e2ad6bd6' -> (Import Result ID: 'ab209bfa61eb5ca70fdee70ebdf00d7e') in 0.001 seconds [static and dynamic dependencies]. Details - ImportResultOutputID=3523fa2a3b98966674bad312c6bbfd4d DependenciesID=7bfd3f3015a9ef0ed150a54e93194d41 StaticDependenciesID=c61d62ee43ef6ec9706f321a81f31fa7 
Number of updated asset objects reloaded before import = 0
Number of asset objects unloaded after import = 1
========================================================================
Received Import Request.
  Time of request: 2026-09-15T09:30:48.349413Z
  Time since last request: 0.000337209 seconds.
  importAddress: GUID: fe98bd8a5090446ab8977506d22e5be6 - Path: Assets/Sounds/Kenney Impacts/footstep_concrete_004.ogg - Importer: ScriptedImporter/UnityEditor.QuickSearchModule:UnityEditor.Search:ASIAI0B
Importing 'GUID: fe98bd8a5090446ab8977506d22e5be6 - Path: Assets/Sounds/Kenney Impacts/footstep_concrete_004.ogg - Importer: ScriptedImporter/UnityEditor.QuickSearchModule:UnityEditor.Search:ASIAI0B' with importer (ScriptedImporter : UnityEditor.QuickSearchModule:UnityEditor.Search:ASIAI0B)
Imported 'GUID: fe98bd8a5090446ab8977506d22e5be6' -> (Import Result ID: 'f263f41f58a2c0e32c3c6e95f24e8d8c') in 0.001 seconds [static and dynamic dependencies]. Details - ImportResultOutputID=e57d9e09d9dedd5913cf3eca887c8673 DependenciesID=a5e229a9ca85781c9b0c548c61fe33eb StaticDependenciesID=9d49829b2416f8be53c016138c6624ec 
Number of updated asset objects reloaded before import = 0
Number of asset objects unloaded after import = 1
========================================================================
Received Import Request.
  Time of request: 2026-09-15T09:30:48.356549Z
  Time since last request: 0.000214125 seconds.
  importAddress: GUID: 8220950c32ec84643b703b7c3c8ac609 - Path: Assets/Sounds/Kenney Impacts/footstep_grass_002.ogg - Importer: ScriptedImporter/UnityEditor.QuickSearchModule:UnityEditor.Search:ASIAI0B
Importing 'GUID: 8220950c32ec84643b703b7c3c8ac609 - Path: Assets/Sounds/Kenney Impacts/footstep_grass_002.ogg - Importer: ScriptedImporter/UnityEditor.QuickSearchModule:UnityEditor.Search:ASIAI0B' with importer (ScriptedImporter : UnityEditor.QuickSearchModule:UnityEditor.Search:ASIAI0B)
Imported 'GUID: 8220950c32ec84643b703b7c3c8ac609' -> (Import Result ID: 'd88370be09d111288fac82f1c5895e72') in 0.002 seconds [static and dynamic dependencies]. Details - ImportResultOutputID=a319acc8969919c76f5eb553aa982fdb DependenciesID=b48e5281e60ccbb0250bf3deff592c41 StaticDependenciesID=f215b736fe6078178241d358866683b8 
Number of updated asset objects reloaded before import = 0
Number of asset objects unloaded after import = 1
========================================================================
Received Import Request.
  Time of request: 2026-09-15T09:30:48.364498Z
  Time since last request: 0.000166584 seconds.
  importAddress: GUID: 122f097bae9324ead909599c46cba3d5 - Path: Assets/Sounds/Kenney Impacts/footstep_snow_000.ogg - Importer: ScriptedImporter/UnityEditor.QuickSearchModule:UnityEditor.Search:ASIAI0B
Importing 'GUID: 122f097bae9324ead909599c46cba3d5 - Path: Assets/Sounds/Kenney Impacts/footstep_snow_000.ogg - Importer: ScriptedImporter/UnityEditor.QuickSearchModule:UnityEditor.Search:ASIAI0B' with importer (ScriptedImporter : UnityEditor.QuickSearchModule:UnityEditor.Search:ASIAI0B)
Imported 'GUID: 122f097bae9324ead909599c46cba3d5' -> (Import Result ID: 'd0101a8fb28fd8485ed1f33161b86933') in 0.002 seconds [static and dynamic dependencies]. Details - ImportResultOutputID=414f56acb88db20a13004e1f225bd9ba DependenciesID=ba54e8d3ceacc6cd0a6b2b15caead12b StaticDependenciesID=43d4a43530ad235ede1db8ce8bce88af 
Number of updated asset objects reloaded before import = 0
Number of asset objects unloaded after import = 1
========================================================================
Received Import Request.
  Time of request: 2026-09-15T09:30:48.372392Z
  Time since last request: 0.000139542 seconds.
  importAddress: GUID: f232b079b371041a2bfe49a549768955 - Path: Assets/Sounds/Kenney Impacts/impactPunch_heavy_003.ogg - Importer: ScriptedImporter/UnityEditor.QuickSearchModule:UnityEditor.Search:ASIAI0B
Importing 'GUID: f232b079b371041a2bfe49a549768955 - Path: Assets/Sounds/Kenney Impacts/impactPunch_heavy_003.ogg - Importer: ScriptedImporter/UnityEditor.QuickSearchModule:UnityEditor.Search:ASIAI0B' with importer (ScriptedImporter : UnityEditor.QuickSearchModule:UnityEditor.Search:ASIAI0B)
Imported 'GUID: f232b079b371041a2bfe49a549768955' -> (Import Result ID: '1ad6df985a4db6e15b914789c071a182') in 0.001 seconds [static and dynamic dependencies]. Details - ImportResultOutputID=0c4d6948255724d28e3a944fdf844d32 DependenciesID=f9cc30264a90988b4280e64e31c576ad StaticDependenciesID=4c7492b2291087af63c3a884ca2b0897 
Number of updated asset objects reloaded before import = 0
Number of asset objects unloaded after import = 1
========================================================================
Received Import Request.
  Time of request: 2026-09-15T09:30:48.394006Z
  Time since last request: 0.014434125 seconds.
  importAddress: GUID: 4b3402c47bda247a198fa02d33d73b80 - Path: Assets/Sounds/Kenney Impacts/impactMetal_light_000.ogg - Importer: ScriptedImporter/UnityEditor.QuickSearchModule:UnityEditor.Search:ASIAI0B
Importing 'GUID: 4b3402c47bda247a198fa02d33d73b80 - Path: Assets/Sounds/Kenney Impacts/impactMetal_light_000.ogg - Importer: ScriptedImporter/UnityEditor.QuickSearchModule:UnityEditor.Search:ASIAI0B' with importer (ScriptedImporter : UnityEditor.QuickSearchModule:UnityEditor.Search:ASIAI0B)
Imported 'GUID: 4b3402c47bda247a198fa02d33d73b80' -> (Import Result ID: 'a52c1f1a1da88a6a196da020a3f117b6') in 0.004 seconds [static and dynamic dependencies]. Details - ImportResultOutputID=07b12cc795cf45d009d8bc1d53940df1 DependenciesID=1eb361b0af0e801adb270a0feadb9b82 StaticDependenciesID=d10af9b6ecfb2244e1ca7f057a189319 
Number of updated asset objects reloaded before import = 0
Number of asset objects unloaded after import = 1
========================================================================
Received Import Request.
  Time of request: 2026-09-15T09:31:59.531819Z
  Time since last request: 71.128348167 seconds.
  importAddress: GUID: 2c0d74f71d9a343938b7a78d3fe3dd3d - Path: Assets/Sounds/Kenney Impacts/footstep_carpet_003.ogg - Importer: PreviewImporter
Importing 'GUID: 2c0d74f71d9a343938b7a78d3fe3dd3d - Path: Assets/Sounds/Kenney Impacts/footstep_carpet_003.ogg - Importer: PreviewImporter' with importer (PreviewImporter)
Imported 'GUID: 2c0d74f71d9a343938b7a78d3fe3dd3d' -> (Import Result ID: '8945e22ebf68301ac38b9d2d35a21033') in 0.043 seconds [static and dynamic dependencies]. Details - ImportResultOutputID=327745f751aa7340f172537c530e57b3 DependenciesID=1b5a1a451c404a340e550d4c7ec9c52c StaticDependenciesID=8075946b29a2a345decb69b544fb9062 
Number of updated asset objects reloaded before import = 0
Number of asset objects unloaded after import = 2
========================================================================
Received Import Request.
  Time of request: 2026-09-15T09:31:59.582494Z
  Time since last request: 0.000041916 seconds.
  importAddress: GUID: 2d406522eff484ae4a006ad31a5860db - Path: Assets/Sounds/Kenney Impacts/impactGlass_light_002.ogg - Importer: PreviewImporter
Importing 'GUID: 2d406522eff484ae4a006ad31a5860db - Path: Assets/Sounds/Kenney Impacts/impactGlass_light_002.ogg - Importer: PreviewImporter' with importer (PreviewImporter)
Imported 'GUID: 2d406522eff484ae4a006ad31a5860db' -> (Import Result ID: '4ec72f76d6c3123fc14d1f14f10efc29') in 0.003 seconds [static and dynamic dependencies]. Details - ImportResultOutputID=ddf016103a4522d747bf486e8761aeba DependenciesID=81f249b39c796435285cf5b9056ecc03 StaticDependenciesID=38633b47daa5c774a0cfb6e1dd71846f 
Number of updated asset objects reloaded before import = 0
Number of asset objects unloaded after import = 2
========================================================================
Received Import Request.
  Time of request: 2026-09-15T09:31:59.592237Z
  Time since last request: 0.00031075 seconds.
  importAddress: GUID: 9f015e15b1363467baf096d1cfbf57a5 - Path: Assets/Sounds/Kenney Impacts/footstep_grass_000.ogg - Importer: PreviewImporter
Importing 'GUID: 9f015e15b1363467baf096d1cfbf57a5 - Path: Assets/Sounds/Kenney Impacts/footstep_grass_000.ogg - Importer: PreviewImporter' with importer (PreviewImporter)
Imported 'GUID: 9f015e15b1363467baf096d1cfbf57a5' -> (Import Result ID: '267fe2fa342655e88953b197a1d380d4') in 0.003 seconds [static and dynamic dependencies]. Details - ImportResultOutputID=ea7bb510824c50b0fa4aad8fc5c87935 DependenciesID=c2673c2c0a8342c172aaef8ea74dbe97 StaticDependenciesID=4eed8a5f74d8aa65810ea7be020d11d4 
Number of updated asset objects reloaded before import = 0
Number of asset objects unloaded after import = 2
========================================================================
Received Import Request.
  Time of request: 2026-09-15T09:31:59.60094Z
  Time since last request: 0.000288458 seconds.
  importAddress: GUID: d4ba550c1be4f426c8c97f1348526557 - Path: Assets/Sounds/Kenney Impacts/impactSoft_medium_003.ogg - Importer: PreviewImporter
Importing 'GUID: d4ba550c1be4f426c8c97f1348526557 - Path: Assets/Sounds/Kenney Impacts/impactSoft_medium_003.ogg - Importer: PreviewImporter' with importer (PreviewImporter)
Imported 'GUID: d4ba550c1be4f426c8c97f1348526557' -> (Import Result ID: '6642a01252daa2c2d8b8d97d96123a0e') in 0.003 seconds [static and dynamic dependencies]. Details - ImportResultOutputID=d5126e6ed72e5e112124e558e47a0fe5 DependenciesID=ee71c96d681327821c1f1a8b4c0c8715 StaticDependenciesID=4ff10bf74eb4c9a084758b6b22b6bb1a 
Number of updated asset objects reloaded before import = 0
Number of asset objects unloaded after import = 2
========================================================================
Received Import Request.
  Time of request: 2026-09-15T09:31:59.610451Z
  Time since last request: 0.000387791 seconds.
  importAddress: GUID: 265152a3f0eff434bb997c64bed17b91 - Path: Assets/Sounds/Kenney Impacts/impactGlass_light_001.ogg - Importer: PreviewImporter
Importing 'GUID: 265152a3f0eff434bb997c64bed17b91 - Path: Assets/Sounds/Kenney Impacts/impactGlass_light_001.ogg - Importer: PreviewImporter' with importer (PreviewImporter)
Imported 'GUID: 265152a3f0eff434bb997c64bed17b91' -> (Import Result ID: 'dfcb3de6914ab40eaca698fd468b3437') in 0.003 seconds [static and dynamic dependencies]. Details - ImportResultOutputID=8c9708dce8cd114e7bda2dc3a1b46dd7 DependenciesID=28fadf084e0f19a7c8ddc46cb0725b4e StaticDependenciesID=d448ff107f40f3604a5c48b2b729db02 
Number of updated asset objects reloaded before import = 0
Number of asset objects unloaded after import = 2
========================================================================
Received Import Request.
  Time of request: 2026-09-15T09:31:59.619257Z
  Time since last request: 0.000406792 seconds.
  importAddress: GUID: eeeb864d9216f48989724cb5fb29c966 - Path: Assets/Sounds/Kenney Impacts/impactGlass_heavy_002.ogg - Importer: PreviewImporter
Importing 'GUID: eeeb864d9216f48989724cb5fb29c966 - Path: Assets/Sounds/Kenney Impacts/impactGlass_heavy_002.ogg - Importer: PreviewImporter' with importer (PreviewImporter)
Imported 'GUID: eeeb864d9216f48989724cb5fb29c966' -> (Import Result ID: '90359fb7056eb3a345dc9de9b620a4f7') in 0.003 seconds [static and dynamic dependencies]. Details - ImportResultOutputID=199c8c06c6070ccb7f97f718cbd6f9b4 DependenciesID=e0bea09ada17ccff540d8983b9719094 StaticDependenciesID=4dd8185602ee8dc9bad3d36577dd4e1d 
Number of updated asset objects reloaded before import = 0
Number of asset objects unloaded after import = 2
========================================================================
Received Import Request.
  Time of request: 2026-09-15T09:31:59.628106Z
  Time since last request: 0.00030775 seconds.
  importAddress: GUID: 1f01c079c71194efcb131823fa14d1bc - Path: Assets/Sounds/Kenney Impacts/impactSoft_medium_002.ogg - Importer: PreviewImporter
Importing 'GUID: 1f01c079c71194efcb131823fa14d1bc - Path: Assets/Sounds/Kenney Impacts/impactSoft_medium_002.ogg - Importer: PreviewImporter' with importer (PreviewImporter)
Imported 'GUID: 1f01c079c71194efcb131823fa14d1bc' -> (Import Result ID: 'ed6004af2654015a1ff2500724292eda') in 0.002 seconds [static and dynamic dependencies]. Details - ImportResultOutputID=257c523ab52efb301fe343bc669b3ce9 DependenciesID=461864954753225a337ce5728395651b StaticDependenciesID=9f0ca61a0705589814c9abb7e9218dd8 
Number of updated asset objects reloaded before import = 0
Number of asset objects unloaded after import = 2
========================================================================
Received Import Request.
  Time of request: 2026-09-15T09:31:59.636986Z
  Time since last request: 0.00037675 seconds.
  importAddress: GUID: 2db6af1493b8442df870b2e811b8803f - Path: Assets/Sounds/Kenney Impacts/impactPunch_heavy_004.ogg - Importer: PreviewImporter
Importing 'GUID: 2db6af1493b8442df870b2e811b8803f - Path: Assets/Sounds/Kenney Impacts/impactPunch_heavy_004.ogg - Importer: PreviewImporter' with importer (PreviewImporter)
Imported 'GUID: 2db6af1493b8442df870b2e811b8803f' -> (Import Result ID: '991d0e3dc8dcb2011c072618a91abef9') in 0.003 seconds [static and dynamic dependencies]. Details - ImportResultOutputID=29d5ea71c5d713e293ad3a25c1b7faf0 DependenciesID=371907df97e4e67aea3956039143689c StaticDependenciesID=9a907bdcc09f87600d4ef21a89b40e6b 
Number of updated asset objects reloaded before import = 0
Number of asset objects unloaded after import = 2
========================================================================
Received Import Request.
  Time of request: 2026-09-15T09:31:59.646162Z
  Time since last request: 0.000333209 seconds.
  importAddress: GUID: 5ca271d86939c496aa019f58f4d03f9b - Path: Assets/Sounds/Kenney Impacts/footstep_snow_004.ogg - Importer: PreviewImporter
Importing 'GUID: 5ca271d86939c496aa019f58f4d03f9b - Path: Assets/Sounds/Kenney Impacts/footstep_snow_004.ogg - Importer: PreviewImporter' with importer (PreviewImporter)
Imported 'GUID: 5ca271d86939c496aa019f58f4d03f9b' -> (Import Result ID: 'a53974db6b08b13b5b77c131e88af403') in 0.003 seconds [static and dynamic dependencies]. Details - ImportResultOutputID=04a87dd3cdc78ba1e8adeb50a64094dc DependenciesID=9cb5fc75e349e84ef52500d322b461f5 StaticDependenciesID=e67a58d4ec5bf926076a619f902a432a 
Number of updated asset objects reloaded before import = 0
Number of asset objects unloaded after import = 2
========================================================================
Received Import Request.
  Time of request: 2026-09-15T09:31:59.655446Z
  Time since last request: 0.000325834 seconds.
  importAddress: GUID: 625f6ff3ab0e34a3db134809ae179930 - Path: Assets/Sounds/Kenney Impacts/impactWood_heavy_000.ogg - Importer: PreviewImporter
Importing 'GUID: 625f6ff3ab0e34a3db134809ae179930 - Path: Assets/Sounds/Kenney Impacts/impactWood_heavy_000.ogg - Importer: PreviewImporter' with importer (PreviewImporter)
Imported 'GUID: 625f6ff3ab0e34a3db134809ae179930' -> (Import Result ID: '2b5bc8bd717d959286a9880873dfa357') in 0.002 seconds [static and dynamic dependencies]. Details - ImportResultOutputID=a08ed6f342ca9bcd2158d13904ef1e9e DependenciesID=371b0900f8784c32b6e2e809d0f610b3 StaticDependenciesID=a1fc36a5a5568493fc8a22e7da402927 
Number of updated asset objects reloaded before import = 0
Number of asset objects unloaded after import = 2
========================================================================
Received Import Request.
  Time of request: 2026-09-15T09:31:59.66417Z
  Time since last request: 0.00026525 seconds.
  importAddress: GUID: d8fa560ae8d5b4612b79a1780cab6787 - Path: Assets/Sounds/Kenney Impacts/impactTin_medium_001.ogg - Importer: PreviewImporter
Importing 'GUID: d8fa560ae8d5b4612b79a1780cab6787 - Path: Assets/Sounds/Kenney Impacts/impactTin_medium_001.ogg - Importer: PreviewImporter' with importer (PreviewImporter)
Imported 'GUID: d8fa560ae8d5b4612b79a1780cab6787' -> (Import Result ID: 'f48d20796c0c46501a6dc7a2764563c0') in 0.002 seconds [static and dynamic dependencies]. Details - ImportResultOutputID=5c592de19117be6c07e57e3b317bd7e4 DependenciesID=25a5fca7c72b6513a7dc5797e5de20fc StaticDependenciesID=7d1e3a1e4168014ebdca81bac371f5f7 
Number of updated asset objects reloaded before import = 0
Number of asset objects unloaded after import = 2
========================================================================
Received Import Request.
  Time of request: 2026-09-15T09:31:59.672604Z
  Time since last request: 0.000196125 seconds.
  importAddress: GUID: 17d333015e72b4968bac3d1eb7458d5c - Path: Assets/Sounds/Kenney Impacts/impactBell_heavy_002.ogg - Importer: PreviewImporter
Importing 'GUID: 17d333015e72b4968bac3d1eb7458d5c - Path: Assets/Sounds/Kenney Impacts/impactBell_heavy_002.ogg - Importer: PreviewImporter' with importer (PreviewImporter)
Imported 'GUID: 17d333015e72b4968bac3d1eb7458d5c' -> (Import Result ID: '0f71d7e2f742e3ba5cba98624cafaabe') in 0.003 seconds [static and dynamic dependencies]. Details - ImportResultOutputID=339e2ffac6a589c3331ff0ca416ebd14 DependenciesID=7d8a7672650458cae16949d92c67d811 StaticDependenciesID=01438f7e5b05273a32291a783585264d 
Number of updated asset objects reloaded before import = 0
Number of asset objects unloaded after import = 2
========================================================================
Received Import Request.
  Time of request: 2026-09-15T09:31:59.681512Z
  Time since last request: 0.000401583 seconds.
  importAddress: GUID: 08f3edd6f37574297a013594e9485e14 - Path: Assets/Sounds/Kenney Impacts/impactGeneric_light_001.ogg - Importer: PreviewImporter
Importing 'GUID: 08f3edd6f37574297a013594e9485e14 - Path: Assets/Sounds/Kenney Impacts/impactGeneric_light_001.ogg - Importer: PreviewImporter' with importer (PreviewImporter)
Imported 'GUID: 08f3edd6f37574297a013594e9485e14' -> (Import Result ID: '86fd25bdd0b9966bd9b0115c6a7fb9a2') in 0.003 seconds [static and dynamic dependencies]. Details - ImportResultOutputID=1bcf9ca7644792f91b33ccfeee710a18 DependenciesID=2150a8ca8faeefd5950e069bdbc5bd18 StaticDependenciesID=2a78eeea1ef8683198dc22403489f549 
Number of updated asset objects reloaded before import = 0
Number of asset objects unloaded after import = 2
========================================================================
Received Import Request.
  Time of request: 2026-09-15T09:31:59.690042Z
  Time since last request: 0.0002795 seconds.
  importAddress: GUID: 6cffee313fdf54d2f8efb008c2016f25 - Path: Assets/Sounds/Kenney Impacts/impactPlate_light_004.ogg - Importer: PreviewImporter
Importing 'GUID: 6cffee313fdf54d2f8efb008c2016f25 - Path: Assets/Sounds/Kenney Impacts/impactPlate_light_004.ogg - Importer: PreviewImporter' with importer (PreviewImporter)
Imported 'GUID: 6cffee313fdf54d2f8efb008c2016f25' -> (Import Result ID: '87e2aa5f8dd6d949bac49bc10fb4e2c5') in 0.003 seconds [static and dynamic dependencies]. Details - ImportResultOutputID=7ebdaeafad5d4a5fb51529a8a9bb5952 DependenciesID=ddd031b2367449dced439324f925b5a6 StaticDependenciesID=6871d893005a4b15682587297ebcf2b3 
Number of updated asset objects reloaded before import = 0
Number of asset objects unloaded after import = 2
========================================================================
Received Import Request.
  Time of request: 2026-09-15T09:31:59.699546Z
  Time since last request: 0.000153042 seconds.
  importAddress: GUID: d642e67e6d6df49229eb91504511ad2c - Path: Assets/Sounds/Kenney Impacts/impactPunch_medium_003.ogg - Importer: PreviewImporter
Importing 'GUID: d642e67e6d6df49229eb91504511ad2c - Path: Assets/Sounds/Kenney Impacts/impactPunch_medium_003.ogg - Importer: PreviewImporter' with importer (PreviewImporter)
Imported 'GUID: d642e67e6d6df49229eb91504511ad2c' -> (Import Result ID: '340c92deed6c9d54045378d4f8c250d2') in 0.003 seconds [static and dynamic dependencies]. Details - ImportResultOutputID=e95823579c8c725eebdc2a80db0a8ed7 DependenciesID=9135ebd225a843656ccb7317c2e2480d StaticDependenciesID=9726443bce396bc45e4394d3cb81ebbb 
Number of updated asset objects reloaded before import = 0
Number of asset objects unloaded after import = 2
========================================================================
Received Import Request.
  Time of request: 2026-09-15T09:31:59.70842Z
  Time since last request: 0.000267958 seconds.
  importAddress: GUID: 16a280457f5c043868fea16c075e0372 - Path: Assets/Sounds/Kenney Impacts/impactSoft_medium_004.ogg - Importer: PreviewImporter
Importing 'GUID: 16a280457f5c043868fea16c075e0372 - Path: Assets/Sounds/Kenney Impacts/impactSoft_medium_004.ogg - Importer: PreviewImporter' with importer (PreviewImporter)
Imported 'GUID: 16a280457f5c043868fea16c075e0372' -> (Import Result ID: '327d59f569425edcc00bcc4850955f76') in 0.002 seconds [static and dynamic dependencies]. Details - ImportResultOutputID=3a2adb2c447ae8c40de47e662b009da2 DependenciesID=91570a9ce6b4bfe624a4887a2a706812 StaticDependenciesID=640c49b22ebe98e7437103ea0af9f313 
Number of updated asset objects reloaded before import = 0
Number of asset objects unloaded after import = 2
========================================================================
Received Import Request.
  Time of request: 2026-09-15T09:31:59.716955Z
  Time since last request: 0.000237959 seconds.
  importAddress: GUID: 4f1b4d1ae31944fdd978fc53c648d292 - Path: Assets/Sounds/Kenney Impacts/impactGlass_medium_000.ogg - Importer: PreviewImporter
Importing 'GUID: 4f1b4d1ae31944fdd978fc53c648d292 - Path: Assets/Sounds/Kenney Impacts/impactGlass_medium_000.ogg - Importer: PreviewImporter' with importer (PreviewImporter)
Imported 'GUID: 4f1b4d1ae31944fdd978fc53c648d292' -> (Import Result ID: 'ecd22ad1a85787e9449d70dad8c9150f') in 0.002 seconds [static and dynamic dependencies]. Details - ImportResultOutputID=0c559f586d64301662f1ec35f4ab2fd2 DependenciesID=5a102d0514913caae211866a0abaaccd StaticDependenciesID=aa006f151337959ee995a59aebf138d9 
Number of updated asset objects reloaded before import = 0
Number of asset objects unloaded after import = 2
========================================================================
Received Import Request.
  Time of request: 2026-09-15T09:31:59.7253Z
  Time since last request: 0.000225875 seconds.
  importAddress: GUID: 6305a1a0a44ea42a0ae5bec1a329f64c - Path: Assets/Sounds/Kenney Impacts/impactWood_light_003.ogg - Importer: PreviewImporter
Importing 'GUID: 6305a1a0a44ea42a0ae5bec1a329f64c - Path: Assets/Sounds/Kenney Impacts/impactWood_light_003.ogg - Importer: PreviewImporter' with importer (PreviewImporter)
Imported 'GUID: 6305a1a0a44ea42a0ae5bec1a329f64c' -> (Import Result ID: '0a0964d382e600d1a28576c8618ec0ed') in 0.003 seconds [static and dynamic dependencies]. Details - ImportResultOutputID=c0094247ed05c03bd0c3daa7c730fe4c DependenciesID=309814cdf09d6eaa19463e716b4fba5f StaticDependenciesID=92360325970c13ebf058b842610d24e7 
Number of updated asset objects reloaded before import = 0
Number of asset objects unloaded after import = 2
========================================================================
Received Import Request.
  Time of request: 2026-09-15T09:31:59.735158Z
  Time since last request: 0.00028875 seconds.
  importAddress: GUID: 2fe6892fa88be4c62bfc7e7e56895704 - Path: Assets/Sounds/Kenney Impacts/impactGlass_heavy_003.ogg - Importer: PreviewImporter
Importing 'GUID: 2fe6892fa88be4c62bfc7e7e56895704 - Path: Assets/Sounds/Kenney Impacts/impactGlass_heavy_003.ogg - Importer: PreviewImporter' with importer (PreviewImporter)
Imported 'GUID: 2fe6892fa88be4c62bfc7e7e56895704' -> (Import Result ID: '54ef4c2bb9108cae303cfc3685e49ff4') in 0.003 seconds [static and dynamic dependencies]. Details - ImportResultOutputID=b2a8f93f38e83e84b7e1dd566e582071 DependenciesID=2d6daff3499470cb5e8f4283c0c593fe StaticDependenciesID=a54ffb784e8c1f325b729a8dd8dc7dd9 
Number of updated asset objects reloaded before import = 0
Number of asset objects unloaded after import = 2
========================================================================
Received Import Request.
  Time of request: 2026-09-15T09:31:59.74457Z
  Time since last request: 0.00026825 seconds.
  importAddress: GUID: 04d5a8e43486948849b75d7562af8914 - Path: Assets/Sounds/Kenney Impacts/impactMining_003.ogg - Importer: PreviewImporter
Importing 'GUID: 04d5a8e43486948849b75d7562af8914 - Path: Assets/Sounds/Kenney Impacts/impactMining_003.ogg - Importer: PreviewImporter' with importer (PreviewImporter)
Imported 'GUID: 04d5a8e43486948849b75d7562af8914' -> (Import Result ID: '5f090153e1c96d0961aace9d0f9c20ad') in 0.003 seconds [static and dynamic dependencies]. Details - ImportResultOutputID=4a13f2bb810ebe6b945ecdd24ad6e084 DependenciesID=ba8e256f23b6fb5ba6645461e2e668d3 StaticDependenciesID=9506c9933a60cb18c66de708c1b12fd0 
Number of updated asset objects reloaded before import = 0
Number of asset objects unloaded after import = 2
========================================================================
Received Import Request.
  Time of request: 2026-09-15T09:31:59.753531Z
  Time since last request: 0.000244375 seconds.
  importAddress: GUID: 2524867e121354f06b45bcdda8713e1f - Path: Assets/Sounds/Kenney Impacts/impactPunch_medium_001.ogg - Importer: PreviewImporter
Importing 'GUID: 2524867e121354f06b45bcdda8713e1f - Path: Assets/Sounds/Kenney Impacts/impactPunch_medium_001.ogg - Importer: PreviewImporter' with importer (PreviewImporter)
Imported 'GUID: 2524867e121354f06b45bcdda8713e1f' -> (Import Result ID: '2ceb17704336bc7dd9a55c485ac47c29') in 0.003 seconds [static and dynamic dependencies]. Details - ImportResultOutputID=76d1134ae47c185b6f0b26d0d0c78f80 DependenciesID=62dadd0548de37ef461f2df1965fda03 StaticDependenciesID=d95cf80def362616d60a684b46cb7890 
Number of updated asset objects reloaded before import = 0
Number of asset objects unloaded after import = 2
========================================================================
Received Import Request.
  Time of request: 2026-09-15T09:31:59.762731Z
  Time since last request: 0.0002705 seconds.
  importAddress: GUID: 1de29e5b95fc644c6abb485f12f083cf - Path: Assets/Sounds/Kenney Impacts/impactSoft_heavy_000.ogg - Importer: PreviewImporter
Importing 'GUID: 1de29e5b95fc644c6abb485f12f083cf - Path: Assets/Sounds/Kenney Impacts/impactSoft_heavy_000.ogg - Importer: PreviewImporter' with importer (PreviewImporter)
Imported 'GUID: 1de29e5b95fc644c6abb485f12f083cf' -> (Import Result ID: '76d26136e678a4f47bac0b7f8adf0aa9') in 0.003 seconds [static and dynamic dependencies]. Details - ImportResultOutputID=6473dde25376f37dfb8602d1738280c8 DependenciesID=63119fc7a7b5805f28e9410e02d38cdf StaticDependenciesID=412beaafdc2777911d19555e732fe498 
Number of updated asset objects reloaded before import = 0
Number of asset objects unloaded after import = 2
========================================================================
Received Import Request.
  Time of request: 2026-09-15T09:31:59.771918Z
  Time since last request: 0.000377833 seconds.
  importAddress: GUID: 09580688ca7224a2a8b10d03a998c7ac - Path: Assets/Sounds/Kenney Impacts/impactPlate_heavy_003.ogg - Importer: PreviewImporter
Importing 'GUID: 09580688ca7224a2a8b10d03a998c7ac - Path: Assets/Sounds/Kenney Impacts/impactPlate_heavy_003.ogg - Importer: PreviewImporter' with importer (PreviewImporter)
Imported 'GUID: 09580688ca7224a2a8b10d03a998c7ac' -> (Import Result ID: '8b77204069877ae9b3141519f830a4ac') in 0.003 seconds [static and dynamic dependencies]. Details - ImportResultOutputID=c094c244a8f149d972b153dcb6d5de15 DependenciesID=6e41da82a109038dbf94e2d7f754f59f StaticDependenciesID=fa6abe282a9a27b792d6262cb0409b1c 
Number of updated asset objects reloaded before import = 0
Number of asset objects unloaded after import = 2
========================================================================
Received Import Request.
  Time of request: 2026-09-15T09:31:59.780918Z
  Time since last request: 0.000363 seconds.
  importAddress: GUID: 580bd9ee9850b4ceaa47bfe54cdadd6c - Path: Assets/Sounds/Kenney Impacts/impactGlass_light_000.ogg - Importer: PreviewImporter
Importing 'GUID: 580bd9ee9850b4ceaa47bfe54cdadd6c - Path: Assets/Sounds/Kenney Impacts/impactGlass_light_000.ogg - Importer: PreviewImporter' with importer (PreviewImporter)
Imported 'GUID: 580bd9ee9850b4ceaa47bfe54cdadd6c' -> (Import Result ID: '30149a403865dbd260b3c9de22a6bdd1') in 0.003 seconds [static and dynamic dependencies]. Details - ImportResultOutputID=30da10943ff40b8dceb3250d537cdbd5 DependenciesID=9b281a529cd34ba78090c2a6bc8a4a7f StaticDependenciesID=bb1ce695a059192278fa1ef7498c4b19 
Number of updated asset objects reloaded before import = 0
Number of asset objects unloaded after import = 2
========================================================================
Received Import Request.
  Time of request: 2026-09-15T09:31:59.79011Z
  Time since last request: 0.000163958 seconds.
  importAddress: GUID: c94895f25317a45efb66a2a73907a388 - Path: Assets/Sounds/Kenney Impacts/impactMining_004.ogg - Importer: PreviewImporter
Importing 'GUID: c94895f25317a45efb66a2a73907a388 - Path: Assets/Sounds/Kenney Impacts/impactMining_004.ogg - Importer: PreviewImporter' with importer (PreviewImporter)
Imported 'GUID: c94895f25317a45efb66a2a73907a388' -> (Import Result ID: 'f3b4ca6401711cbdcea223fc89e85960') in 0.003 seconds [static and dynamic dependencies]. Details - ImportResultOutputID=0a7511ad20f7c3a3116fa8095e1563bf DependenciesID=edf15caf019e5bf2833cd8dcce67a88c StaticDependenciesID=9b7a0980810c3d3255a92ad54ce1cab1 
Number of updated asset objects reloaded before import = 0
Number of asset objects unloaded after import = 2
========================================================================
Received Import Request.
  Time of request: 2026-09-15T09:31:59.798367Z
  Time since last request: 0.000251042 seconds.
  importAddress: GUID: 10f272417216940ebb59d99495ac93aa - Path: Assets/Sounds/Kenney Impacts/impactPlate_heavy_001.ogg - Importer: PreviewImporter
Importing 'GUID: 10f272417216940ebb59d99495ac93aa - Path: Assets/Sounds/Kenney Impacts/impactPlate_heavy_001.ogg - Importer: PreviewImporter' with importer (PreviewImporter)
Imported 'GUID: 10f272417216940ebb59d99495ac93aa' -> (Import Result ID: 'a79e6c9c7e80c4550776e4c59f3470bb') in 0.003 seconds [static and dynamic dependencies]. Details - ImportResultOutputID=179976a49b6d15791518551875d4cc77 DependenciesID=02bb8fd51caf3323122b64059fbc9e95 StaticDependenciesID=fd27b291843ebc17d6c7b0a405287f15 
Number of updated asset objects reloaded before import = 0
Number of asset objects unloaded after import = 2
========================================================================
Received Import Request.
  Time of request: 2026-09-15T09:31:59.807337Z
  Time since last request: 0.000292583 seconds.
  importAddress: GUID: 28933f484722240e9a70f32a6e342302 - Path: Assets/Sounds/Kenney Impacts/impactPlank_medium_002.ogg - Importer: PreviewImporter
Importing 'GUID: 28933f484722240e9a70f32a6e342302 - Path: Assets/Sounds/Kenney Impacts/impactPlank_medium_002.ogg - Importer: PreviewImporter' with importer (PreviewImporter)
Imported 'GUID: 28933f484722240e9a70f32a6e342302' -> (Import Result ID: '304293f30a8ce90333bc7bd68f0a3386') in 0.003 seconds [static and dynamic dependencies]. Details - ImportResultOutputID=4c49e6ed95c23e9219da1f0f4996a0b4 DependenciesID=308386b157068ac9542a7824c2fe0192 StaticDependenciesID=b9ffcc4aa2a514c0373148271196f6ab 
Number of updated asset objects reloaded before import = 0
Number of asset objects unloaded after import = 2
========================================================================
Received Import Request.
  Time of request: 2026-09-15T09:31:59.817098Z
  Time since last request: 0.000270666 seconds.
  importAddress: GUID: dfea970eac0944d7abad734ee9ee13b8 - Path: Assets/Sounds/Kenney Impacts/impactTin_medium_004.ogg - Importer: PreviewImporter
Importing 'GUID: dfea970eac0944d7abad734ee9ee13b8 - Path: Assets/Sounds/Kenney Impacts/impactTin_medium_004.ogg - Importer: PreviewImporter' with importer (PreviewImporter)
Imported 'GUID: dfea970eac0944d7abad734ee9ee13b8' -> (Import Result ID: '8f3b677db00e3f9a83930089c1a5139c') in 0.004 seconds [static and dynamic dependencies]. Details - ImportResultOutputID=f3b61e2615417c8c1f0552286883e122 DependenciesID=fb278384a3a98ee53ae852a72aa3c235 StaticDependenciesID=9366c5d01796f7bb35a056e47ac46d70 
Number of updated asset objects reloaded before import = 0
Number of asset objects unloaded after import = 2
========================================================================
Received Import Request.
  Time of request: 2026-09-15T09:31:59.82682Z
  Time since last request: 0.000282917 seconds.
  importAddress: GUID: 116164409564542ea85257c417fafcbb - Path: Assets/Sounds/Kenney Impacts/impactPlate_medium_000.ogg - Importer: PreviewImporter
Importing 'GUID: 116164409564542ea85257c417fafcbb - Path: Assets/Sounds/Kenney Impacts/impactPlate_medium_000.ogg - Importer: PreviewImporter' with importer (PreviewImporter)
Imported 'GUID: 116164409564542ea85257c417fafcbb' -> (Import Result ID: '933778189af7a01935e057337baeddf6') in 0.003 seconds [static and dynamic dependencies]. Details - ImportResultOutputID=380e4b513594794a6c4316d969fc96c7 DependenciesID=c84fa7153d6e7bd3e6d49ce2536d3176 StaticDependenciesID=7a2e320e570795d42fdd2b23c3721f24 
Number of updated asset objects reloaded before import = 0
Number of asset objects unloaded after import = 2
========================================================================
Received Import Request.
  Time of request: 2026-09-15T09:31:59.836466Z
  Time since last request: 0.0001735 seconds.
  importAddress: GUID: 0b5449966b14142aaac012c273f9fca6 - Path: Assets/Sounds/Kenney Impacts/impactGeneric_light_000.ogg - Importer: PreviewImporter
Importing 'GUID: 0b5449966b14142aaac012c273f9fca6 - Path: Assets/Sounds/Kenney Impacts/impactGeneric_light_000.ogg - Importer: PreviewImporter' with importer (PreviewImporter)
Imported 'GUID: 0b5449966b14142aaac012c273f9fca6' -> (Import Result ID: 'cc5fde7248c5612b937fc0f2b33403f7') in 0.003 seconds [static and dynamic dependencies]. Details - ImportResultOutputID=ecfb045e9e4fd17065ecef7e4c1e35fe DependenciesID=6bc3bc3f518bc6d41b30c26474681fc4 StaticDependenciesID=e6950ad5747dcaf725bf16a3ded506f2 
Number of updated asset objects reloaded before import = 0
Number of asset objects unloaded after import = 2
========================================================================
Received Import Request.
  Time of request: 2026-09-15T09:31:59.845231Z
  Time since last request: 0.000200875 seconds.
  importAddress: GUID: 1148ca489b4c246598bda06669b59b45 - Path: Assets/Sounds/Kenney Impacts/impactGlass_heavy_000.ogg - Importer: PreviewImporter
Importing 'GUID: 1148ca489b4c246598bda06669b59b45 - Path: Assets/Sounds/Kenney Impacts/impactGlass_heavy_000.ogg - Importer: PreviewImporter' with importer (PreviewImporter)
Imported 'GUID: 1148ca489b4c246598bda06669b59b45' -> (Import Result ID: 'b366f012414c4f4bb6d21d5d19b5cf40') in 0.003 seconds [static and dynamic dependencies]. Details - ImportResultOutputID=55614f9d3958ee304972d21ade3135f4 DependenciesID=4ee2afc58b28416cd44b5fbbdcaba87a StaticDependenciesID=016dce5343b5e9662e4c69156e79ae42 
Number of updated asset objects reloaded before import = 0
Number of asset objects unloaded after import = 2
========================================================================
Received Import Request.
  Time of request: 2026-09-15T09:31:59.854382Z
  Time since last request: 0.000194333 seconds.
  importAddress: GUID: 2cad4879b0f9240cf83cea04e2ad6bd6 - Path: Assets/Sounds/Kenney Impacts/impactPlank_medium_003.ogg - Importer: PreviewImporter
Importing 'GUID: 2cad4879b0f9240cf83cea04e2ad6bd6 - Path: Assets/Sounds/Kenney Impacts/impactPlank_medium_003.ogg - Importer: PreviewImporter' with importer (PreviewImporter)
Imported 'GUID: 2cad4879b0f9240cf83cea04e2ad6bd6' -> (Import Result ID: '09dad2df01de3b8df56c295f4ef70b77') in 0.003 seconds [static and dynamic dependencies]. Details - ImportResultOutputID=5cd7ee97171b9276e876cb709f7823ed DependenciesID=5596b9b541bfbd3939f4820168adbfdf StaticDependenciesID=4e6151b8ad1d18472c460010cedf1dd6 
Number of updated asset objects reloaded before import = 0
Number of asset objects unloaded after import = 2
========================================================================
Received Import Request.
  Time of request: 2026-09-15T09:31:59.862661Z
  Time since last request: 0.00021 seconds.
  importAddress: GUID: 99af7765b05cf497d9aa40849ea8aabb - Path: Assets/Sounds/Kenney Impacts/impactPlate_heavy_002.ogg - Importer: PreviewImporter
Importing 'GUID: 99af7765b05cf497d9aa40849ea8aabb - Path: Assets/Sounds/Kenney Impacts/impactPlate_heavy_002.ogg - Importer: PreviewImporter' with importer (PreviewImporter)
Imported 'GUID: 99af7765b05cf497d9aa40849ea8aabb' -> (Import Result ID: '3bbcf3bfc7a9d49cadb71ded6187dbf4') in 0.003 seconds [static and dynamic dependencies]. Details - ImportResultOutputID=53b9bfd0149a2282182bf5bc53c785b1 DependenciesID=cbc004b364cd4452f8b6a212cce6dab5 StaticDependenciesID=055b965dd6b55379e5ce6bdafc2f26cc 
Number of updated asset objects reloaded before import = 0
Number of asset objects unloaded after import = 2
========================================================================
Received Import Request.
  Time of request: 2026-09-15T09:31:59.871414Z
  Time since last request: 0.000357458 seconds.
  importAddress: GUID: 8220950c32ec84643b703b7c3c8ac609 - Path: Assets/Sounds/Kenney Impacts/footstep_grass_002.ogg - Importer: PreviewImporter
Importing 'GUID: 8220950c32ec84643b703b7c3c8ac609 - Path: Assets/Sounds/Kenney Impacts/footstep_grass_002.ogg - Importer: PreviewImporter' with importer (PreviewImporter)
Imported 'GUID: 8220950c32ec84643b703b7c3c8ac609' -> (Import Result ID: '791db31372bda9489e1bc7399a30d5d1') in 0.003 seconds [static and dynamic dependencies]. Details - ImportResultOutputID=8d70947510edf84b0a4cb194160510ab DependenciesID=3e931fc2a4246e3d6fbc898d28231edc StaticDependenciesID=386feb019d62f6691f5bb2ceef8d23d2 
Number of updated asset objects reloaded before import = 0
Number of asset objects unloaded after import = 2
========================================================================
Received Import Request.
  Time of request: 2026-09-15T09:31:59.880371Z
  Time since last request: 0.000342959 seconds.
  importAddress: GUID: 5c7cbaac384c2433a8a598dc2d6cc4ba - Path: Assets/Sounds/Kenney Impacts/impactGlass_medium_004.ogg - Importer: PreviewImporter
Importing 'GUID: 5c7cbaac384c2433a8a598dc2d6cc4ba - Path: Assets/Sounds/Kenney Impacts/impactGlass_medium_004.ogg - Importer: PreviewImporter' with importer (PreviewImporter)
Imported 'GUID: 5c7cbaac384c2433a8a598dc2d6cc4ba' -> (Import Result ID: '2bf01fbfc749f6c40176e8b2e0924f55') in 0.003 seconds [static and dynamic dependencies]. Details - ImportResultOutputID=4fc511c5aff8e867ccc13f550b5ccf87 DependenciesID=cae7b69550b2ce5ddac8e833b9cc8537 StaticDependenciesID=6d89e7d7b0f794a2dddb48947a0294de 
Number of updated asset objects reloaded before import = 0
Number of asset objects unloaded after import = 2
========================================================================
Received Import Request.
  Time of request: 2026-09-15T09:31:59.889287Z
  Time since last request: 0.000160041 seconds.
  importAddress: GUID: 9ce797d7b7440434f80a1523764b16dd - Path: Assets/Sounds/Kenney Impacts/impactPunch_medium_000.ogg - Importer: PreviewImporter
Importing 'GUID: 9ce797d7b7440434f80a1523764b16dd - Path: Assets/Sounds/Kenney Impacts/impactPunch_medium_000.ogg - Importer: PreviewImporter' with importer (PreviewImporter)
Imported 'GUID: 9ce797d7b7440434f80a1523764b16dd' -> (Import Result ID: '7251fb6dceb5d40427d4cc846395c941') in 0.004 seconds [static and dynamic dependencies]. Details - ImportResultOutputID=e3863f3e613539dc89726b8ad5bdd817 DependenciesID=a4fab9c502c1915125cad0ede4f105d0 StaticDependenciesID=1dc7b19c5abb44675aa172c0671b0e29 
Number of updated asset objects reloaded before import = 0
Number of asset objects unloaded after import = 2
========================================================================
Received Import Request.
  Time of request: 2026-09-15T09:31:59.899354Z
  Time since last request: 0.000301208 seconds.
  importAddress: GUID: 465269c4904fc4d1ab465b2e946c7c38 - Path: Assets/Sounds/Kenney Impacts/impactPlank_medium_000.ogg - Importer: PreviewImporter
Importing 'GUID: 465269c4904fc4d1ab465b2e946c7c38 - Path: Assets/Sounds/Kenney Impacts/impactPlank_medium_000.ogg - Importer: PreviewImporter' with importer (PreviewImporter)
Imported 'GUID: 465269c4904fc4d1ab465b2e946c7c38' -> (Import Result ID: '63c7e962aebcb24899d0df4b9039e8fd') in 0.003 seconds [static and dynamic dependencies]. Details - ImportResultOutputID=8964a02da23cb11a6c687e2f543be009 DependenciesID=2ec10fd54c8e0ec4f009d65877ff6c6d StaticDependenciesID=29d25cb37d414443526c72715108b34d 
Number of updated asset objects reloaded before import = 0
Number of asset objects unloaded after import = 2
========================================================================
Received Import Request.
  Time of request: 2026-09-15T09:31:59.907977Z
  Time since last request: 0.000273792 seconds.
  importAddress: GUID: 3e8a2d29f3e254cc9ac281b4d6106a98 - Path: Assets/Sounds/Kenney Impacts/impactMetal_heavy_001.ogg - Importer: PreviewImporter
Importing 'GUID: 3e8a2d29f3e254cc9ac281b4d6106a98 - Path: Assets/Sounds/Kenney Impacts/impactMetal_heavy_001.ogg - Importer: PreviewImporter' with importer (PreviewImporter)
Imported 'GUID: 3e8a2d29f3e254cc9ac281b4d6106a98' -> (Import Result ID: 'f283eb13eed5f2dd404d6ba02cec469f') in 0.003 seconds [static and dynamic dependencies]. Details - ImportResultOutputID=cd3f66423c6b076b4a51fdee872049d9 DependenciesID=6986d1471d7dd1e5bd450165b9121b1c StaticDependenciesID=1632869a61165dd0cb2b9946c241d2aa 
Number of updated asset objects reloaded before import = 0
Number of asset objects unloaded after import = 2
========================================================================
Received Import Request.
  Time of request: 2026-09-15T09:31:59.917307Z
  Time since last request: 0.000285542 seconds.
  importAddress: GUID: c519c3167bda14755888914a4dee87e9 - Path: Assets/Sounds/Kenney Impacts/footstep_concrete_003.ogg - Importer: PreviewImporter
Importing 'GUID: c519c3167bda14755888914a4dee87e9 - Path: Assets/Sounds/Kenney Impacts/footstep_concrete_003.ogg - Importer: PreviewImporter' with importer (PreviewImporter)
Imported 'GUID: c519c3167bda14755888914a4dee87e9' -> (Import Result ID: '8823130b1f59a80b468831589fdce2fb') in 0.003 seconds [static and dynamic dependencies]. Details - ImportResultOutputID=7121983884519f986bdfa17cb70d0515 DependenciesID=612ae9109b14f01b7763ae785620451d StaticDependenciesID=9666e4bf22ccbb9bc5d0de8dac9e0aa9 
Number of updated asset objects reloaded before import = 0
Number of asset objects unloaded after import = 2
========================================================================
Received Import Request.
  Time of request: 2026-09-15T09:31:59.92663Z
  Time since last request: 0.000255583 seconds.
  importAddress: GUID: 1ba20de3c1b8c4fb18187eb5988842ca - Path: Assets/Sounds/Kenney Impacts/impactMining_001.ogg - Importer: PreviewImporter
Importing 'GUID: 1ba20de3c1b8c4fb18187eb5988842ca - Path: Assets/Sounds/Kenney Impacts/impactMining_001.ogg - Importer: PreviewImporter' with importer (PreviewImporter)
Imported 'GUID: 1ba20de3c1b8c4fb18187eb5988842ca' -> (Import Result ID: '3fe47942f11094ae1a46bb602f0b4cff') in 0.002 seconds [static and dynamic dependencies]. Details - ImportResultOutputID=75da9f7ca48e19d1362bbab5f1d62673 DependenciesID=f67934e02fc9b3bb93fd1acb6e876f49 StaticDependenciesID=da8faec78dc6aa14eb350c21c076a706 
Number of updated asset objects reloaded before import = 0
Number of asset objects unloaded after import = 2
========================================================================
Received Import Request.
  Time of request: 2026-09-15T09:31:59.935392Z
  Time since last request: 0.000163334 seconds.
  importAddress: GUID: e00fc1a9839914ece991bcf2f91789c8 - Path: Assets/Sounds/Kenney Impacts/impactWood_heavy_003.ogg - Importer: PreviewImporter
Importing 'GUID: e00fc1a9839914ece991bcf2f91789c8 - Path: Assets/Sounds/Kenney Impacts/impactWood_heavy_003.ogg - Importer: PreviewImporter' with importer (PreviewImporter)
Imported 'GUID: e00fc1a9839914ece991bcf2f91789c8' -> (Import Result ID: '13a1a892f8aad471c8f2e23c8c23564c') in 0.002 seconds [static and dynamic dependencies]. Details - ImportResultOutputID=c72f7fdeb76a4ce1a817ae76404de188 DependenciesID=1f234d24d5f9aab260d14b45dd42b7e3 StaticDependenciesID=11c880536cf10ac46837a7eb7c4942ce 
Number of updated asset objects reloaded before import = 0
Number of asset objects unloaded after import = 2
========================================================================
Received Import Request.
  Time of request: 2026-09-15T09:31:59.944257Z
  Time since last request: 0.000184458 seconds.
  importAddress: GUID: ba94ce869a6bf458b84984ac3aeafdc0 - Path: Assets/Sounds/Kenney Impacts/impactWood_light_004.ogg - Importer: PreviewImporter
Importing 'GUID: ba94ce869a6bf458b84984ac3aeafdc0 - Path: Assets/Sounds/Kenney Impacts/impactWood_light_004.ogg - Importer: PreviewImporter' with importer (PreviewImporter)
Imported 'GUID: ba94ce869a6bf458b84984ac3aeafdc0' -> (Import Result ID: '3d035c4422ba3040e8c471e9a7cf4585') in 0.003 seconds [static and dynamic dependencies]. Details - ImportResultOutputID=560d98101a6634ad2c1aa39b2c9584a4 DependenciesID=763107d9d2a6b15f18874394feb9cf33 StaticDependenciesID=286d816e6db9f0df4f71bd9a7baa0a1e 
Number of updated asset objects reloaded before import = 0
Number of asset objects unloaded after import = 2
========================================================================
Received Import Request.
  Time of request: 2026-09-15T09:31:59.953767Z
  Time since last request: 0.000378334 seconds.
  importAddress: GUID: 3a6d1935c12f0494f9bc1cd671cb9409 - Path: Assets/Sounds/Kenney Impacts/impactWood_heavy_001.ogg - Importer: PreviewImporter
Importing 'GUID: 3a6d1935c12f0494f9bc1cd671cb9409 - Path: Assets/Sounds/Kenney Impacts/impactWood_heavy_001.ogg - Importer: PreviewImporter' with importer (PreviewImporter)
Imported 'GUID: 3a6d1935c12f0494f9bc1cd671cb9409' -> (Import Result ID: '9d91d52d5eb983651fa48dd89755d005') in 0.004 seconds [static and dynamic dependencies]. Details - ImportResultOutputID=1e833004fbf5edd988b8f1fda4b997e4 DependenciesID=6f757ad98fdabf5a61d4155439c2b157 StaticDependenciesID=422cea18cd49fa864ad3206c75c7918a 
Number of updated asset objects reloaded before import = 0
Number of asset objects unloaded after import = 2
========================================================================
Received Import Request.
  Time of request: 2026-09-15T09:31:59.963824Z
  Time since last request: 0.000248583 seconds.
  importAddress: GUID: eacde456f197d4db8a7cd504c40e3005 - Path: Assets/Sounds/Kenney Impacts/impactGeneric_light_004.ogg - Importer: PreviewImporter
Importing 'GUID: eacde456f197d4db8a7cd504c40e3005 - Path: Assets/Sounds/Kenney Impacts/impactGeneric_light_004.ogg - Importer: PreviewImporter' with importer (PreviewImporter)
Imported 'GUID: eacde456f197d4db8a7cd504c40e3005' -> (Import Result ID: '076be8d4f397e2f1007a0a4bb14ed1b0') in 0.003 seconds [static and dynamic dependencies]. Details - ImportResultOutputID=e57a88a24132bffd078a4ae6852edc2d DependenciesID=0e02b93e27f679a07db8763e5fdbb0d6 StaticDependenciesID=94d596f042056eb681d4a18a1c9dce78 
Number of updated asset objects reloaded before import = 0
Number of asset objects unloaded after import = 2
========================================================================
Received Import Request.
  Time of request: 2026-09-15T09:31:59.973241Z
  Time since last request: 0.000322541 seconds.
  importAddress: GUID: a4a3cfef7621f484eaf957a484e419b6 - Path: Assets/Sounds/Kenney Impacts/impactWood_medium_003.ogg - Importer: PreviewImporter
Importing 'GUID: a4a3cfef7621f484eaf957a484e419b6 - Path: Assets/Sounds/Kenney Impacts/impactWood_medium_003.ogg - Importer: PreviewImporter' with importer (PreviewImporter)
Imported 'GUID: a4a3cfef7621f484eaf957a484e419b6' -> (Import Result ID: 'fe6edbd94482c99068899cecef9a184b') in 0.003 seconds [static and dynamic dependencies]. Details - ImportResultOutputID=1246788d824809d9c4215f3840860365 DependenciesID=70e6c15ca2ae9186a5ba1cb4dcc50d08 StaticDependenciesID=de18e9e43ac6a6ec92f8136022384c8d 
Number of updated asset objects reloaded before import = 0
Number of asset objects unloaded after import = 2
========================================================================
Received Import Request.
  Time of request: 2026-09-15T09:31:59.982994Z
  Time since last request: 0.00017675 seconds.
  importAddress: GUID: 8dee7bd41905c4390be22d5887f9834d - Path: Assets/Sounds/Kenney Impacts/footstep_wood_004.ogg - Importer: PreviewImporter
Importing 'GUID: 8dee7bd41905c4390be22d5887f9834d - Path: Assets/Sounds/Kenney Impacts/footstep_wood_004.ogg - Importer: PreviewImporter' with importer (PreviewImporter)
Imported 'GUID: 8dee7bd41905c4390be22d5887f9834d' -> (Import Result ID: 'c25bbc50beeab4bfc6eddc19a5af4c04') in 0.003 seconds [static and dynamic dependencies]. Details - ImportResultOutputID=20eb8c9e0f57a52c1fbe1be70dd42601 DependenciesID=2f770a40b0df22c1c47ba6ba5eca4f89 StaticDependenciesID=3ea0bcde208111ff36778a5c0891e754 
Number of updated asset objects reloaded before import = 0
Number of asset objects unloaded after import = 2
========================================================================
Received Import Request.
  Time of request: 2026-09-15T09:31:59.99202Z
  Time since last request: 0.000169292 seconds.
  importAddress: GUID: 687554e85924040ff827fc2926aeef6d - Path: Assets/Sounds/Kenney Impacts/footstep_snow_001.ogg - Importer: PreviewImporter
Importing 'GUID: 687554e85924040ff827fc2926aeef6d - Path: Assets/Sounds/Kenney Impacts/footstep_snow_001.ogg - Importer: PreviewImporter' with importer (PreviewImporter)
Imported 'GUID: 687554e85924040ff827fc2926aeef6d' -> (Import Result ID: 'b6d65c5bad999576bc21fd257798b8d1') in 0.002 seconds [static and dynamic dependencies]. Details - ImportResultOutputID=1c07eea0e6c98232af3ea759b03d1a09 DependenciesID=f917a4d085978a0af4a8568d9c2644c0 StaticDependenciesID=8442d98956295e55faa745dacfbd08f8 
Number of updated asset objects reloaded before import = 0
Number of asset objects unloaded after import = 2
========================================================================
Received Import Request.
  Time of request: 2026-09-15T09:32:00.001047Z
  Time since last request: 0.000236458 seconds.
  importAddress: GUID: a0411f9b25ee244079347947a38e5d1f - Path: Assets/Sounds/Kenney Impacts/impactSoft_heavy_001.ogg - Importer: PreviewImporter
Importing 'GUID: a0411f9b25ee244079347947a38e5d1f - Path: Assets/Sounds/Kenney Impacts/impactSoft_heavy_001.ogg - Importer: PreviewImporter' with importer (PreviewImporter)
Imported 'GUID: a0411f9b25ee244079347947a38e5d1f' -> (Import Result ID: 'c6e6900ba394a25e3a139083ef10bb88') in 0.003 seconds [static and dynamic dependencies]. Details - ImportResultOutputID=c7f7ec9e40f5ba73ec4260b08a023744 DependenciesID=358abe0f67b0b6230542264fd3938fde StaticDependenciesID=7e2da3cc530f286d38acb0fbb1f52ee8 
Number of updated asset objects reloaded before import = 0
Number of asset objects unloaded after import = 2
========================================================================
Received Import Request.
  Time of request: 2026-09-15T09:32:00.0105Z
  Time since last request: 0.000335875 seconds.
  importAddress: GUID: a9363cfe267d34972b0ca234e6e47fd0 - Path: Assets/Sounds/Kenney Impacts/impactPunch_heavy_000.ogg - Importer: PreviewImporter
Importing 'GUID: a9363cfe267d34972b0ca234e6e47fd0 - Path: Assets/Sounds/Kenney Impacts/impactPunch_heavy_000.ogg - Importer: PreviewImporter' with importer (PreviewImporter)
Imported 'GUID: a9363cfe267d34972b0ca234e6e47fd0' -> (Import Result ID: 'a4ad73aa79b1fa3d640b5298854e4df9') in 0.004 seconds [static and dynamic dependencies]. Details - ImportResultOutputID=2f1c5d3c48e34cf4d68afc5b3996df0e DependenciesID=6aeb235c015c5fe98ad92f83207691f6 StaticDependenciesID=b62faed57111bdd95617b29dc7b5fd81 
Number of updated asset objects reloaded before import = 0
Number of asset objects unloaded after import = 2
========================================================================
Received Import Request.
  Time of request: 2026-09-15T09:32:00.021393Z
  Time since last request: 0.000217417 seconds.
  importAddress: GUID: 4b22bf17b2912493e881193042a3093c - Path: Assets/Sounds/Kenney Impacts/footstep_concrete_000.ogg - Importer: PreviewImporter
Importing 'GUID: 4b22bf17b2912493e881193042a3093c - Path: Assets/Sounds/Kenney Impacts/footstep_concrete_000.ogg - Importer: PreviewImporter' with importer (PreviewImporter)
Imported 'GUID: 4b22bf17b2912493e881193042a3093c' -> (Import Result ID: 'f69846d05f3c4e75cc40ef6ffa431ab1') in 0.003 seconds [static and dynamic dependencies]. Details - ImportResultOutputID=2b1c7ea3e2e9b6c325f3503cd5f7f8f5 DependenciesID=af688310a52ba568d3cfeff1ea0986bb StaticDependenciesID=de943e226469e8986135109c5fc48f39 
Number of updated asset objects reloaded before import = 0
Number of asset objects unloaded after import = 2
========================================================================
Received Import Request.
  Time of request: 2026-09-15T09:32:00.030335Z
  Time since last request: 0.00026225 seconds.
  importAddress: GUID: a11d60cfbeb1f4b9a96968fb291b17b1 - Path: Assets/Sounds/Kenney Impacts/impactSoft_heavy_004.ogg - Importer: PreviewImporter
Importing 'GUID: a11d60cfbeb1f4b9a96968fb291b17b1 - Path: Assets/Sounds/Kenney Impacts/impactSoft_heavy_004.ogg - Importer: PreviewImporter' with importer (PreviewImporter)
Imported 'GUID: a11d60cfbeb1f4b9a96968fb291b17b1' -> (Import Result ID: 'c90b12165ee796a5ca371bdc63cf662b') in 0.003 seconds [static and dynamic dependencies]. Details - ImportResultOutputID=7e05185484bff076f7b3df65e7c6a2d8 DependenciesID=4b00c8b5013b604bf2952a757e2fafa2 StaticDependenciesID=80f3177c8c77b39c727ca00601946426 
Number of updated asset objects reloaded before import = 0
Number of asset objects unloaded after import = 2
========================================================================
Received Import Request.
  Time of request: 2026-09-15T09:32:00.03956Z
  Time since last request: 0.0003855 seconds.
  importAddress: GUID: 0f86ddfcd68184950ac4b2e4a367583c - Path: Assets/Sounds/Kenney Impacts/footstep_wood_001.ogg - Importer: PreviewImporter
Importing 'GUID: 0f86ddfcd68184950ac4b2e4a367583c - Path: Assets/Sounds/Kenney Impacts/footstep_wood_001.ogg - Importer: PreviewImporter' with importer (PreviewImporter)
Imported 'GUID: 0f86ddfcd68184950ac4b2e4a367583c' -> (Import Result ID: '04c173f19c923a28ec590f65b1bbb8e7') in 0.003 seconds [static and dynamic dependencies]. Details - ImportResultOutputID=80c3e212787463d9aabffb3711592adb DependenciesID=3fc4cdfd7862de4d5c65d3f99c7cf624 StaticDependenciesID=570d8a6b48c5568a8eeae7d84a472944 
Number of updated asset objects reloaded before import = 0
Number of asset objects unloaded after import = 2
========================================================================
Received Import Request.
  Time of request: 2026-09-15T09:32:00.048547Z
  Time since last request: 0.00015475 seconds.
  importAddress: GUID: 29e935d7939594334b710f80d8b2dc58 - Path: Assets/Sounds/Kenney Impacts/impactBell_heavy_004.ogg - Importer: PreviewImporter
Importing 'GUID: 29e935d7939594334b710f80d8b2dc58 - Path: Assets/Sounds/Kenney Impacts/impactBell_heavy_004.ogg - Importer: PreviewImporter' with importer (PreviewImporter)
Imported 'GUID: 29e935d7939594334b710f80d8b2dc58' -> (Import Result ID: '3ab85f7eec77ef636e17b36b17df6522') in 0.002 seconds [static and dynamic dependencies]. Details - ImportResultOutputID=0d18a939440d55c5cb4065d23b775fe2 DependenciesID=4d3ecdfb4458d3092bc042b31f256809 StaticDependenciesID=b335ed03cf8c797d8f2862b43cba18a1 
Number of updated asset objects reloaded before import = 0
Number of asset objects unloaded after import = 2
========================================================================
Received Import Request.
  Time of request: 2026-09-15T09:32:00.057293Z
  Time since last request: 0.000258625 seconds.
  importAddress: GUID: 19fdcfb1a06de484a90dd062ae218650 - Path: Assets/Sounds/Kenney Impacts/impactPlate_medium_001.ogg - Importer: PreviewImporter
Importing 'GUID: 19fdcfb1a06de484a90dd062ae218650 - Path: Assets/Sounds/Kenney Impacts/impactPlate_medium_001.ogg - Importer: PreviewImporter' with importer (PreviewImporter)
Imported 'GUID: 19fdcfb1a06de484a90dd062ae218650' -> (Import Result ID: 'f6f681231ebb9ed4d1d6a4793ba6d49c') in 0.003 seconds [static and dynamic dependencies]. Details - ImportResultOutputID=b8aa2920ee636fc70b3249b45bd6ae92 DependenciesID=1a4c939fb3116983c1fb07572d81382a StaticDependenciesID=61bed7e17e275eedd956250273ada067 
Number of updated asset objects reloaded before import = 0
Number of asset objects unloaded after import = 2
========================================================================
Received Import Request.
  Time of request: 2026-09-15T09:32:00.065963Z
  Time since last request: 0.000268542 seconds.
  importAddress: GUID: 326ad4128a50c4d2bb03ed4493947914 - Path: Assets/Sounds/Kenney Impacts/impactGeneric_light_002.ogg - Importer: PreviewImporter
Importing 'GUID: 326ad4128a50c4d2bb03ed4493947914 - Path: Assets/Sounds/Kenney Impacts/impactGeneric_light_002.ogg - Importer: PreviewImporter' with importer (PreviewImporter)
Imported 'GUID: 326ad4128a50c4d2bb03ed4493947914' -> (Import Result ID: '95befcc57b2c861e4292b90561a86668') in 0.003 seconds [static and dynamic dependencies]. Details - ImportResultOutputID=51b964faf5420812c6deefb0486895a4 DependenciesID=82ba4e5f48405f14ab5c6cfc73f22fd0 StaticDependenciesID=3a44048af32d4b24c83fb74bbc986c6f 
Number of updated asset objects reloaded before import = 0
Number of asset objects unloaded after import = 2
========================================================================
Received Import Request.
  Time of request: 2026-09-15T09:32:00.075163Z
  Time since last request: 0.000337458 seconds.
  importAddress: GUID: 91ea2300f9ee94b898fee2ddfd76480c - Path: Assets/Sounds/Kenney Impacts/impactPunch_heavy_002.ogg - Importer: PreviewImporter
Importing 'GUID: 91ea2300f9ee94b898fee2ddfd76480c - Path: Assets/Sounds/Kenney Impacts/impactPunch_heavy_002.ogg - Importer: PreviewImporter' with importer (PreviewImporter)
Imported 'GUID: 91ea2300f9ee94b898fee2ddfd76480c' -> (Import Result ID: 'b55d22f439880506dabbe1e89889138b') in 0.003 seconds [static and dynamic dependencies]. Details - ImportResultOutputID=37dd476ce0d385414be74644f28a251d DependenciesID=121cd9ba2b869259b6e6997239a06ea8 StaticDependenciesID=669bb11d6c64faaed64fb1ad54091340 
Number of updated asset objects reloaded before import = 0
Number of asset objects unloaded after import = 2
========================================================================
Received Import Request.
  Time of request: 2026-09-15T09:32:00.083888Z
  Time since last request: 0.000236584 seconds.
  importAddress: GUID: 412eec6cd59164cdea32635c0429bf65 - Path: Assets/Sounds/Kenney Impacts/impactMetal_medium_001.ogg - Importer: PreviewImporter
Importing 'GUID: 412eec6cd59164cdea32635c0429bf65 - Path: Assets/Sounds/Kenney Impacts/impactMetal_medium_001.ogg - Importer: PreviewImporter' with importer (PreviewImporter)
Imported 'GUID: 412eec6cd59164cdea32635c0429bf65' -> (Import Result ID: 'f24ad3b4f790001f6a092a7daf204113') in 0.003 seconds [static and dynamic dependencies]. Details - ImportResultOutputID=4a5e0acfceaa62d799c28072197502b6 DependenciesID=7a7c2c16d35faaaac818c9c4ea108f59 StaticDependenciesID=361e8c2879d38328c8be945b5190c9b4 
Number of updated asset objects reloaded before import = 0
Number of asset objects unloaded after import = 2
========================================================================
Received Import Request.
  Time of request: 2026-09-15T09:32:00.093326Z
  Time since last request: 0.0002705 seconds.
  importAddress: GUID: 69b6bb381bc974c5f80cc78a6b51794c - Path: Assets/Sounds/Kenney Impacts/impactGlass_heavy_001.ogg - Importer: PreviewImporter
Importing 'GUID: 69b6bb381bc974c5f80cc78a6b51794c - Path: Assets/Sounds/Kenney Impacts/impactGlass_heavy_001.ogg - Importer: PreviewImporter' with importer (PreviewImporter)
Imported 'GUID: 69b6bb381bc974c5f80cc78a6b51794c' -> (Import Result ID: '0aa540d97bd62a3e0ca07b8288cb687e') in 0.002 seconds [static and dynamic dependencies]. Details - ImportResultOutputID=d7a179bd05f3daa113efd3a752c9cfb0 DependenciesID=95970e12f5f8c6773062ffff5d0bf9ba StaticDependenciesID=b401076e9d935dba87951aaaea3a52ab 
Number of updated asset objects reloaded before import = 0
Number of asset objects unloaded after import = 2
========================================================================
Received Import Request.
  Time of request: 2026-09-15T09:32:00.102346Z
  Time since last request: 0.000245792 seconds.
  importAddress: GUID: ab742446862db4ec2b9e06edb80c3982 - Path: Assets/Sounds/Kenney Impacts/impactPlate_light_003.ogg - Importer: PreviewImporter
Importing 'GUID: ab742446862db4ec2b9e06edb80c3982 - Path: Assets/Sounds/Kenney Impacts/impactPlate_light_003.ogg - Importer: PreviewImporter' with importer (PreviewImporter)
Imported 'GUID: ab742446862db4ec2b9e06edb80c3982' -> (Import Result ID: 'ddd6f5c3c30b44e16a305b73e68f2e2f') in 0.003 seconds [static and dynamic dependencies]. Details - ImportResultOutputID=a003e63bebfb6cac44d3c3a019e1026b DependenciesID=fddc45a9cb9ed16b32f598e39384c645 StaticDependenciesID=fbf723d8f96c9ca66661a6f09de66922 
Number of updated asset objects reloaded before import = 0
Number of asset objects unloaded after import = 2
========================================================================
Received Import Request.
  Time of request: 2026-09-15T09:32:00.111403Z
  Time since last request: 0.000366917 seconds.
  importAddress: GUID: 5d1da2603eaf544e48a1e39cd6955c6d - Path: Assets/Sounds/Kenney Impacts/impactGeneric_light_003.ogg - Importer: PreviewImporter
Importing 'GUID: 5d1da2603eaf544e48a1e39cd6955c6d - Path: Assets/Sounds/Kenney Impacts/impactGeneric_light_003.ogg - Importer: PreviewImporter' with importer (PreviewImporter)
Imported 'GUID: 5d1da2603eaf544e48a1e39cd6955c6d' -> (Import Result ID: '3092c6e42088171cf2090fa7917c041a') in 0.003 seconds [static and dynamic dependencies]. Details - ImportResultOutputID=30ed65195c36bf3d1aed34c077c4e226 DependenciesID=998b38447e28608777b249e8032b19e4 StaticDependenciesID=dcc940fda335103efc48a14f2416a775 
Number of updated asset objects reloaded before import = 0
Number of asset objects unloaded after import = 2
========================================================================
Received Import Request.
  Time of request: 2026-09-15T09:32:00.121134Z
  Time since last request: 0.000383709 seconds.
  importAddress: GUID: b02634ac83130443099f8609213147f1 - Path: Assets/Sounds/Kenney Impacts/impactPunch_heavy_001.ogg - Importer: PreviewImporter
Importing 'GUID: b02634ac83130443099f8609213147f1 - Path: Assets/Sounds/Kenney Impacts/impactPunch_heavy_001.ogg - Importer: PreviewImporter' with importer (PreviewImporter)
Imported 'GUID: b02634ac83130443099f8609213147f1' -> (Import Result ID: 'd106096ec59bc42f9766dcbb1081b52d') in 0.002 seconds [static and dynamic dependencies]. Details - ImportResultOutputID=c1413162d3968175e9eb6ae16debecae DependenciesID=2c7410985fca11668b4dd2cbc1d914c0 StaticDependenciesID=d30c200c68af1fc7d1ddfe5e674c4117 
Number of updated asset objects reloaded before import = 0
Number of asset objects unloaded after import = 2
========================================================================
Received Import Request.
  Time of request: 2026-09-15T09:32:00.129999Z
  Time since last request: 0.0002475 seconds.
  importAddress: GUID: 59f7ca020848d401e95f6dc56ddc4187 - Path: Assets/Sounds/Kenney Impacts/footstep_grass_003.ogg - Importer: PreviewImporter
Importing 'GUID: 59f7ca020848d401e95f6dc56ddc4187 - Path: Assets/Sounds/Kenney Impacts/footstep_grass_003.ogg - Importer: PreviewImporter' with importer (PreviewImporter)
Imported 'GUID: 59f7ca020848d401e95f6dc56ddc4187' -> (Import Result ID: '0ee9c57a5ed33b12178d7c2ec7df6c67') in 0.003 seconds [static and dynamic dependencies]. Details - ImportResultOutputID=4ad61bb9488223f44cfb9508927dd002 DependenciesID=be926cee6629f4556ea41f2bfef176d2 StaticDependenciesID=b2c4e4d746246a3151923693860e096b 
Number of updated asset objects reloaded before import = 0
Number of asset objects unloaded after import = 2
========================================================================
Received Import Request.
  Time of request: 2026-09-15T09:32:12.590427Z
  Time since last request: 12.451502458 seconds.
  importAddress: GUID: 242b4378dc3674c5e8c9b37f15aef12b - Path: Assets/Sounds/freesound_community-saiga-12k-gunshot12ga-94496.mp3 - Importer: PreviewImporter
Importing 'GUID: 242b4378dc3674c5e8c9b37f15aef12b - Path: Assets/Sounds/freesound_community-saiga-12k-gunshot12ga-94496.mp3 - Importer: PreviewImporter' with importer (PreviewImporter)
Imported 'GUID: 242b4378dc3674c5e8c9b37f15aef12b' -> (Import Result ID: '8b6bfcfdc00d8f043242f4fc265bd0ed') in 0.008 seconds [static and dynamic dependencies]. Details - ImportResultOutputID=9f5c12e9f0cdc213ed2eb10778ee93ca DependenciesID=b8a06acaf5c187b8546644db45f56d41 StaticDependenciesID=879490f70b60a02dfc657b4c98288c26 
Number of updated asset objects reloaded before import = 0
Number of asset objects unloaded after import = 2
========================================================================
Received Prepare
AcceleratorClientConnectionCallback - disconnected - :0
WARNING: Shader Unsupported: 'Universal Render Pipeline/VR/SpatialMapping/Wireframe' - All subshaders removed
WARNING: Shader Did you use #pragma only_renderers and omit this platform?
WARNING: Shader If subshaders removal was intentional, you may have forgotten turning Fallback off?
Shader Hidden/ChartRasterizerHardware is not supported: GPU does not support conservative rasterization
Unloading 80 Unused Serialized files (Serialized files now loaded: 0)
Unloading 81 unused Assets / (5.9 MB). Loaded Objects now: 8069.
Memory consumption went from 185.8 MB to 179.9 MB.
Total: 10.972792 ms (FindLiveObjects: 0.646292 ms CreateObjectMapping: 1.297250 ms MarkObjects: 6.896625 ms  DeleteObjects: 2.132083 ms)

Prepare: number of updated asset objects reloaded= 0
========================================================================
Received Import Request.
  Time of request: 2026-09-15T09:37:36.361295Z
  Time since last request: 323.75475354100001 seconds.
  importAddress: GUID: 7d7437595f1384ba88bdf09be13a9b05 - Path: Assets/Sounds/Kenney Audio/computerNoise_001.ogg - Importer: PreviewImporter
Importing 'GUID: 7d7437595f1384ba88bdf09be13a9b05 - Path: Assets/Sounds/Kenney Audio/computerNoise_001.ogg - Importer: PreviewImporter' with importer (PreviewImporter)
Imported 'GUID: 7d7437595f1384ba88bdf09be13a9b05' -> (Import Result ID: 'e872973149dc5beb9570f6fbe1e9335e') in 0.009 seconds [static and dynamic dependencies]. Details - ImportResultOutputID=8845669802802c88c25809ee2f388892 DependenciesID=17449f0f525864867d37128a015c7388 StaticDependenciesID=065077642b3e3c1f51ff214dd35ef6a7 
Number of updated asset objects reloaded before import = 0
Number of asset objects unloaded after import = 2
========================================================================
Received Import Request.
  Time of request: 2026-09-15T09:37:36.378681Z
  Time since last request: 0.000229042 seconds.
  importAddress: GUID: 55505f3ce5bde412389b4b5da5da82e0 - Path: Assets/Sounds/Kenney Audio/impactMetal_003.ogg - Importer: PreviewImporter
Importing 'GUID: 55505f3ce5bde412389b4b5da5da82e0 - Path: Assets/Sounds/Kenney Audio/impactMetal_003.ogg - Importer: PreviewImporter' with importer (PreviewImporter)
Imported 'GUID: 55505f3ce5bde412389b4b5da5da82e0' -> (Import Result ID: '2a28921f46f4bb0bcf96f751d6224e52') in 0.003 seconds [static and dynamic dependencies]. Details - ImportResultOutputID=e51b7b7615c01b63f0036bec62b71157 DependenciesID=3559625931b6e5e5d1602ef9b45254d4 StaticDependenciesID=2f6f9060821090ca89f4e7af20b038e1 
Number of updated asset objects reloaded before import = 0
Number of asset objects unloaded after import = 2
========================================================================
Received Import Request.
  Time of request: 2026-09-15T09:37:36.388002Z
  Time since last request: 0.000240958 seconds.
  importAddress: GUID: 5925c895e0f4c49999c2c6121b8ff52f - Path: Assets/Sounds/Kenney Audio/doorClose_002.ogg - Importer: PreviewImporter
Importing 'GUID: 5925c895e0f4c49999c2c6121b8ff52f - Path: Assets/Sounds/Kenney Audio/doorClose_002.ogg - Importer: PreviewImporter' with importer (PreviewImporter)
Imported 'GUID: 5925c895e0f4c49999c2c6121b8ff52f' -> (Import Result ID: '4082454191e23614f3db83fc5cf31589') in 0.003 seconds [static and dynamic dependencies]. Details - ImportResultOutputID=95f9821e6440ccb4b69ad730b61dbb46 DependenciesID=c0af0aedd0e0bd6ec83dccd52caf2a12 StaticDependenciesID=c9f47c0d8fc4ff43990cc45f6bd89e85 
Number of updated asset objects reloaded before import = 0
Number of asset objects unloaded after import = 2
========================================================================
Received Import Request.
  Time of request: 2026-09-15T09:37:36.397593Z
  Time since last request: 0.000222334 seconds.
  importAddress: GUID: 8e86e09ebfe624f37baa9ffc0b19becd - Path: Assets/Sounds/Kenney Audio/engineCircular_001.ogg - Importer: PreviewImporter
Importing 'GUID: 8e86e09ebfe624f37baa9ffc0b19becd - Path: Assets/Sounds/Kenney Audio/engineCircular_001.ogg - Importer: PreviewImporter' with importer (PreviewImporter)
Imported 'GUID: 8e86e09ebfe624f37baa9ffc0b19becd' -> (Import Result ID: '79d72141dbf5d03b22dc25e42d5dc9b6') in 0.003 seconds [static and dynamic dependencies]. Details - ImportResultOutputID=fcc3f718a80db0df9f4ddd62c5fad04f DependenciesID=fd7d92f3ac5ae3202a1e02e2464ab071 StaticDependenciesID=3b3d62e7143d454cba817d8f16381c06 
Number of updated asset objects reloaded before import = 0
Number of asset objects unloaded after import = 2
========================================================================
Received Import Request.
  Time of request: 2026-09-15T09:37:36.407039Z
  Time since last request: 0.000220041 seconds.
  importAddress: GUID: af498b17b276046de8148e07809afa61 - Path: Assets/Sounds/Kenney Audio/impactMetal_002.ogg - Importer: PreviewImporter
Importing 'GUID: af498b17b276046de8148e07809afa61 - Path: Assets/Sounds/Kenney Audio/impactMetal_002.ogg - Importer: PreviewImporter' with importer (PreviewImporter)
Imported 'GUID: af498b17b276046de8148e07809afa61' -> (Import Result ID: '7a3bc61628c4e6b1274b8e58f65a36e1') in 0.003 seconds [static and dynamic dependencies]. Details - ImportResultOutputID=0ca5949c3aeddcbc6142d41d6182f3ff DependenciesID=b44f07db1ae5e36e93ab32de98e8119d StaticDependenciesID=7ada861c44854d300f53f76a54b0194e 
Number of updated asset objects reloaded before import = 0
Number of asset objects unloaded after import = 2
========================================================================
Received Import Request.
  Time of request: 2026-09-15T09:37:36.415934Z
  Time since last request: 0.000183833 seconds.
  importAddress: GUID: 5eeae2e78b0eb4a90867d6610d542386 - Path: Assets/Sounds/Kenney Audio/forceField_001.ogg - Importer: PreviewImporter
Importing 'GUID: 5eeae2e78b0eb4a90867d6610d542386 - Path: Assets/Sounds/Kenney Audio/forceField_001.ogg - Importer: PreviewImporter' with importer (PreviewImporter)
Imported 'GUID: 5eeae2e78b0eb4a90867d6610d542386' -> (Import Result ID: '3397a0bd217dd4358f5d77b2b90d4c8e') in 0.003 seconds [static and dynamic dependencies]. Details - ImportResultOutputID=abd68277ffabf8e163384142c3cb13ce DependenciesID=d7fdf2c1893b0a2eef617fc0df5a361a StaticDependenciesID=d85b79bf54fa6fcf6f84d1a563bb8284 
Number of updated asset objects reloaded before import = 0
Number of asset objects unloaded after import = 2
========================================================================
Received Import Request.
  Time of request: 2026-09-15T09:37:36.424592Z
  Time since last request: 0.000234083 seconds.
  importAddress: GUID: 3973bbc38046c4d678e9805c7a5fc209 - Path: Assets/Sounds/Kenney Audio/forceField_004.ogg - Importer: PreviewImporter
Importing 'GUID: 3973bbc38046c4d678e9805c7a5fc209 - Path: Assets/Sounds/Kenney Audio/forceField_004.ogg - Importer: PreviewImporter' with importer (PreviewImporter)
Imported 'GUID: 3973bbc38046c4d678e9805c7a5fc209' -> (Import Result ID: 'a6317b1d46ed853a629e0ce29fc9a84b') in 0.003 seconds [static and dynamic dependencies]. Details - ImportResultOutputID=2733777bfda2b843da328623623a5f42 DependenciesID=9d027e2c544d3a74848d0e6cf8bb1bad StaticDependenciesID=0a73eddb79c77f1d9718797abf163577 
Number of updated asset objects reloaded before import = 0
Number of asset objects unloaded after import = 2
========================================================================
Received Import Request.
  Time of request: 2026-09-15T09:37:36.433843Z
  Time since last request: 0.000247208 seconds.
  importAddress: GUID: bb97055751e21401b8979af405afa07a - Path: Assets/Sounds/Kenney Audio/laserLarge_004.ogg - Importer: PreviewImporter
Importing 'GUID: bb97055751e21401b8979af405afa07a - Path: Assets/Sounds/Kenney Audio/laserLarge_004.ogg - Importer: PreviewImporter' with importer (PreviewImporter)
Imported 'GUID: bb97055751e21401b8979af405afa07a' -> (Import Result ID: '7fa049f3cebe9a4d53aff8f967d58ffc') in 0.003 seconds [static and dynamic dependencies]. Details - ImportResultOutputID=2b29149eb8a444774909dab355d65633 DependenciesID=576894fd01600447af7faf2f8c1cec88 StaticDependenciesID=741be0b60f9ad9dd61dffc0b73499a68 
Number of updated asset objects reloaded before import = 0
Number of asset objects unloaded after import = 2
========================================================================
Received Import Request.
  Time of request: 2026-09-15T09:37:36.442975Z
  Time since last request: 0.0002215 seconds.
  importAddress: GUID: f835c6cf82b5f46979f7f3e3488d4b65 - Path: Assets/Sounds/Kenney Audio/explosionCrunch_001.ogg - Importer: PreviewImporter
Importing 'GUID: f835c6cf82b5f46979f7f3e3488d4b65 - Path: Assets/Sounds/Kenney Audio/explosionCrunch_001.ogg - Importer: PreviewImporter' with importer (PreviewImporter)
Imported 'GUID: f835c6cf82b5f46979f7f3e3488d4b65' -> (Import Result ID: '0c06ef06a2706fca73672f814d3649e8') in 0.002 seconds [static and dynamic dependencies]. Details - ImportResultOutputID=0513740846da10ebf02dc1aa3122b823 DependenciesID=3f37ad7ea8f87c657de881cdfbb14232 StaticDependenciesID=fc8ca74ff30a81cf8d6b83457b90d0f1 
Number of updated asset objects reloaded before import = 0
Number of asset objects unloaded after import = 2
========================================================================
Received Import Request.
  Time of request: 2026-09-15T09:37:36.451493Z
  Time since last request: 0.000222583 seconds.
  importAddress: GUID: 31ddd2471575742b0b223b4948315530 - Path: Assets/Sounds/Kenney Audio/doorOpen_002.ogg - Importer: PreviewImporter
Importing 'GUID: 31ddd2471575742b0b223b4948315530 - Path: Assets/Sounds/Kenney Audio/doorOpen_002.ogg - Importer: PreviewImporter' with importer (PreviewImporter)
Imported 'GUID: 31ddd2471575742b0b223b4948315530' -> (Import Result ID: '3c0ed737413fe8d359a80e19ef6140f9') in 0.003 seconds [static and dynamic dependencies]. Details - ImportResultOutputID=92a6b8a6bf247d9f3c30c33e7f1b4ed8 DependenciesID=04c8cdee464241e85006e7429dbc0490 StaticDependenciesID=f05ef75017661cdafab717b631447024 
Number of updated asset objects reloaded before import = 0
Number of asset objects unloaded after import = 2
========================================================================
Received Import Request.
  Time of request: 2026-09-15T09:37:36.460895Z
  Time since last request: 0.000209541 seconds.
  importAddress: GUID: a694b671b46984c0abd0af175bfba8d6 - Path: Assets/Sounds/Kenney Audio/laserLarge_000.ogg - Importer: PreviewImporter
Importing 'GUID: a694b671b46984c0abd0af175bfba8d6 - Path: Assets/Sounds/Kenney Audio/laserLarge_000.ogg - Importer: PreviewImporter' with importer (PreviewImporter)
Imported 'GUID: a694b671b46984c0abd0af175bfba8d6' -> (Import Result ID: 'b8f892ead5a8cd183428bf1976661e57') in 0.002 seconds [static and dynamic dependencies]. Details - ImportResultOutputID=495e97b5d0d7336881c7fc44882a0ce2 DependenciesID=d160fa0569a8b9f6b8d3146fb8fa2af8 StaticDependenciesID=fefb8925b787e995c7f3bdf6695a4c33 
Number of updated asset objects reloaded before import = 0
Number of asset objects unloaded after import = 2
========================================================================
Received Import Request.
  Time of request: 2026-09-15T09:37:36.469119Z
  Time since last request: 0.000203458 seconds.
  importAddress: GUID: 8914d9d0612c4488698554f9f24a4f0c - Path: Assets/Sounds/Kenney Audio/explosionCrunch_002.ogg - Importer: PreviewImporter
Importing 'GUID: 8914d9d0612c4488698554f9f24a4f0c - Path: Assets/Sounds/Kenney Audio/explosionCrunch_002.ogg - Importer: PreviewImporter' with importer (PreviewImporter)
Imported 'GUID: 8914d9d0612c4488698554f9f24a4f0c' -> (Import Result ID: 'b455f5ea5cefc09a62438d809dd44c52') in 0.003 seconds [static and dynamic dependencies]. Details - ImportResultOutputID=5d1db04527d3ad4159a445a494a158bb DependenciesID=f48484beb50fdbb47af92bf77b364c95 StaticDependenciesID=baae235d8a9a70645f5b6863a5d681dd 
Number of updated asset objects reloaded before import = 0
Number of asset objects unloaded after import = 2
========================================================================
Received Import Request.
  Time of request: 2026-09-15T09:37:36.478227Z
  Time since last request: 0.000262208 seconds.
  importAddress: GUID: 4f86b038ccf114c819fdb0f50a602bb7 - Path: Assets/Sounds/Kenney Audio/laserRetro_000.ogg - Importer: PreviewImporter
Importing 'GUID: 4f86b038ccf114c819fdb0f50a602bb7 - Path: Assets/Sounds/Kenney Audio/laserRetro_000.ogg - Importer: PreviewImporter' with importer (PreviewImporter)
Imported 'GUID: 4f86b038ccf114c819fdb0f50a602bb7' -> (Import Result ID: '813d08ff2b92b3e276934e6c5d8194db') in 0.003 seconds [static and dynamic dependencies]. Details - ImportResultOutputID=f5c7347520de9bccd5cd995856d130ac DependenciesID=6718df3f755857346f8dbcc9adfe8b3d StaticDependenciesID=dbfb7cad2dcba9eb484d0e0dbabb1c82 
Number of updated asset objects reloaded before import = 0
Number of asset objects unloaded after import = 2
========================================================================
Received Import Request.
  Time of request: 2026-09-15T09:37:36.487164Z
  Time since last request: 0.00022525 seconds.
  importAddress: GUID: b7a3536e6018448608e00d60c91f300d - Path: Assets/Sounds/Kenney Audio/doorOpen_001.ogg - Importer: PreviewImporter
Importing 'GUID: b7a3536e6018448608e00d60c91f300d - Path: Assets/Sounds/Kenney Audio/doorOpen_001.ogg - Importer: PreviewImporter' with importer (PreviewImporter)
Imported 'GUID: b7a3536e6018448608e00d60c91f300d' -> (Import Result ID: 'f08cd82349fe0719423974ff63cafd56') in 0.002 seconds [static and dynamic dependencies]. Details - ImportResultOutputID=755e1be6bd3fd893afa775dca6d42d30 DependenciesID=04b8552c29693315cbb27986c9d0288d StaticDependenciesID=52a2b3d830f7b5967155c6225ef7b9eb 
Number of updated asset objects reloaded before import = 0
Number of asset objects unloaded after import = 2
========================================================================
Received Import Request.
  Time of request: 2026-09-15T09:37:36.495893Z
  Time since last request: 0.000263625 seconds.
  importAddress: GUID: f2462c998dbfc4a63a2c50cb90adeee6 - Path: Assets/Sounds/Kenney Audio/impactMetal_004.ogg - Importer: PreviewImporter
Importing 'GUID: f2462c998dbfc4a63a2c50cb90adeee6 - Path: Assets/Sounds/Kenney Audio/impactMetal_004.ogg - Importer: PreviewImporter' with importer (PreviewImporter)
Imported 'GUID: f2462c998dbfc4a63a2c50cb90adeee6' -> (Import Result ID: 'd6450110783d58242891c2f516a7a9ae') in 0.003 seconds [static and dynamic dependencies]. Details - ImportResultOutputID=60d8f7d67f05af34a2df2aba2242d996 DependenciesID=2f49c4409c5c96cb8c895050f856b175 StaticDependenciesID=4e92861031cf950737ce86772fbc3ef5 
Number of updated asset objects reloaded before import = 0
Number of asset objects unloaded after import = 2
========================================================================
Received Import Request.
  Time of request: 2026-09-15T09:37:36.504425Z
  Time since last request: 0.00020075 seconds.
  importAddress: GUID: 25f208993f95a416b98d5832fb6d0e39 - Path: Assets/Sounds/Kenney Audio/engineCircular_002.ogg - Importer: PreviewImporter
Importing 'GUID: 25f208993f95a416b98d5832fb6d0e39 - Path: Assets/Sounds/Kenney Audio/engineCircular_002.ogg - Importer: PreviewImporter' with importer (PreviewImporter)
Imported 'GUID: 25f208993f95a416b98d5832fb6d0e39' -> (Import Result ID: '7d6a0b1a056c9b7a3d6dc4a448bc2581') in 0.003 seconds [static and dynamic dependencies]. Details - ImportResultOutputID=10edefd5d976a94dfd1186b75f3887e2 DependenciesID=192f71bd7170513af30b29db62ed1145 StaticDependenciesID=70c43b1ff658425b6a51db79100b1c1c 
Number of updated asset objects reloaded before import = 0
Number of asset objects unloaded after import = 2
========================================================================
Received Import Request.
  Time of request: 2026-09-15T09:37:36.513169Z
  Time since last request: 0.000243541 seconds.
  importAddress: GUID: 594cbb19ca3664e17bdacadcec57c5be - Path: Assets/Sounds/Kenney Audio/laserLarge_001.ogg - Importer: PreviewImporter
Importing 'GUID: 594cbb19ca3664e17bdacadcec57c5be - Path: Assets/Sounds/Kenney Audio/laserLarge_001.ogg - Importer: PreviewImporter' with importer (PreviewImporter)
Imported 'GUID: 594cbb19ca3664e17bdacadcec57c5be' -> (Import Result ID: '1b373ca56fca45776ba5c230677e653d') in 0.002 seconds [static and dynamic dependencies]. Details - ImportResultOutputID=30e4747d5f5acfa6f53c1f7c262e5103 DependenciesID=c55e3ef834655916be71c2c433fce0a3 StaticDependenciesID=937ce93b1b30579f5e2d8e0a20ff4bbb 
Number of updated asset objects reloaded before import = 0
Number of asset objects unloaded after import = 2
========================================================================
Received Import Request.
  Time of request: 2026-09-15T09:37:36.52229Z
  Time since last request: 0.000261084 seconds.
  importAddress: GUID: e4c8d187afae64cddac323a8fa6ccdcd - Path: Assets/Sounds/Kenney Audio/impactMetal_001.ogg - Importer: PreviewImporter
Importing 'GUID: e4c8d187afae64cddac323a8fa6ccdcd - Path: Assets/Sounds/Kenney Audio/impactMetal_001.ogg - Importer: PreviewImporter' with importer (PreviewImporter)
Imported 'GUID: e4c8d187afae64cddac323a8fa6ccdcd' -> (Import Result ID: 'dff20c34263d8fc031f6539d9c389db1') in 0.003 seconds [static and dynamic dependencies]. Details - ImportResultOutputID=225a9283264534c4d42969814df3d335 DependenciesID=15013fc8d697b9d8d04874211e11ae8d StaticDependenciesID=b246ad61c0c5074cda897849bf8a4a45 
Number of updated asset objects reloaded before import = 0
Number of asset objects unloaded after import = 2
========================================================================
Received Import Request.
  Time of request: 2026-09-15T09:37:37.221444Z
  Time since last request: 0.689949334 seconds.
  importAddress: GUID: af498b17b276046de8148e07809afa61 - Path: Assets/Sounds/Kenney Audio/impactMetal_002.ogg - Importer: ScriptedImporter/UnityEditor.QuickSearchModule:UnityEditor.Search:ASIAI0B
Importing 'GUID: af498b17b276046de8148e07809afa61 - Path: Assets/Sounds/Kenney Audio/impactMetal_002.ogg - Importer: ScriptedImporter/UnityEditor.QuickSearchModule:UnityEditor.Search:ASIAI0B' with importer (ScriptedImporter : UnityEditor.QuickSearchModule:UnityEditor.Search:ASIAI0B)
Imported 'GUID: af498b17b276046de8148e07809afa61' -> (Import Result ID: '186d3abec430ba8d9c4dfbe7c1178b94') in 0.002 seconds [static and dynamic dependencies]. Details - ImportResultOutputID=287a14fd874597167cd3a71e31e5c233 DependenciesID=2a02502b39fe615fddadd212603c558d StaticDependenciesID=8725c68c6ab11bb6408a59493b0406a7 
Number of updated asset objects reloaded before import = 0
Number of asset objects unloaded after import = 1
========================================================================
Received Import Request.
  Time of request: 2026-09-15T09:37:37.230367Z
  Time since last request: 0.000331125 seconds.
  importAddress: GUID: ba74aeed4d6cf46c4924e7848202d9ba - Path: Assets/Sounds/Kenney Audio/thrusterFire_001.ogg - Importer: ScriptedImporter/UnityEditor.QuickSearchModule:UnityEditor.Search:ASIAI0B
Importing 'GUID: ba74aeed4d6cf46c4924e7848202d9ba - Path: Assets/Sounds/Kenney Audio/thrusterFire_001.ogg - Importer: ScriptedImporter/UnityEditor.QuickSearchModule:UnityEditor.Search:ASIAI0B' with importer (ScriptedImporter : UnityEditor.QuickSearchModule:UnityEditor.Search:ASIAI0B)
Imported 'GUID: ba74aeed4d6cf46c4924e7848202d9ba' -> (Import Result ID: 'be12e89e8b91e022eaf23705ed369224') in 0.002 seconds [static and dynamic dependencies]. Details - ImportResultOutputID=874a6a8c1086abe40bd7059ddc5ffc97 DependenciesID=144ce9b1771fba4323789c56b417dd86 StaticDependenciesID=a1537c022c9c3029c1421681270535ec 
Number of updated asset objects reloaded before import = 0
Number of asset objects unloaded after import = 1
========================================================================
Received Import Request.
  Time of request: 2026-09-15T09:37:37.238881Z
  Time since last request: 0.000315458 seconds.
  importAddress: GUID: 944061f3576314102a71a26c0095131a - Path: Assets/Sounds/Kenney Audio/laserRetro_001.ogg - Importer: ScriptedImporter/UnityEditor.QuickSearchModule:UnityEditor.Search:ASIAI0B
Importing 'GUID: 944061f3576314102a71a26c0095131a - Path: Assets/Sounds/Kenney Audio/laserRetro_001.ogg - Importer: ScriptedImporter/UnityEditor.QuickSearchModule:UnityEditor.Search:ASIAI0B' with importer (ScriptedImporter : UnityEditor.QuickSearchModule:UnityEditor.Search:ASIAI0B)
Imported 'GUID: 944061f3576314102a71a26c0095131a' -> (Import Result ID: 'cbc59fc521e2e7acbc20db1c5b6e1dfd') in 0.002 seconds [static and dynamic dependencies]. Details - ImportResultOutputID=88910a8ba4b86d19c60ce1c6bf6f5689 DependenciesID=ab46af3e78c70022b4234e0aafcefbd6 StaticDependenciesID=6420a0115e0073725cc5dc293a7e211e 
Number of updated asset objects reloaded before import = 0
Number of asset objects unloaded after import = 1
========================================================================
Received Import Request.
  Time of request: 2026-09-15T09:37:37.247318Z
  Time since last request: 0.000280458 seconds.
  importAddress: GUID: c9e1b70c840ae46e384a1cc1dcfc5416 - Path: Assets/Sounds/Kenney Audio/lowFrequency_explosion_000.ogg - Importer: ScriptedImporter/UnityEditor.QuickSearchModule:UnityEditor.Search:ASIAI0B
Importing 'GUID: c9e1b70c840ae46e384a1cc1dcfc5416 - Path: Assets/Sounds/Kenney Audio/lowFrequency_explosion_000.ogg - Importer: ScriptedImporter/UnityEditor.QuickSearchModule:UnityEditor.Search:ASIAI0B' with importer (ScriptedImporter : UnityEditor.QuickSearchModule:UnityEditor.Search:ASIAI0B)
Imported 'GUID: c9e1b70c840ae46e384a1cc1dcfc5416' -> (Import Result ID: '7ff681f109e209d2c97851e156afc755') in 0.002 seconds [static and dynamic dependencies]. Details - ImportResultOutputID=36e8a2585f2775656197263610908d8c DependenciesID=3e267d77c3fb73eea020c7cfb1351b7a StaticDependenciesID=abd8d6054423af6137d18ebd14b13af8 
Number of updated asset objects reloaded before import = 0
Number of asset objects unloaded after import = 1
========================================================================
Received Import Request.
  Time of request: 2026-09-15T09:37:37.256102Z
  Time since last request: 0.000400125 seconds.
  importAddress: GUID: 8b838db4c61c54bf4847c8836fa5d634 - Path: Assets/Sounds/Kenney Audio/spaceEngineLarge_001.ogg - Importer: ScriptedImporter/UnityEditor.QuickSearchModule:UnityEditor.Search:ASIAI0B
Importing 'GUID: 8b838db4c61c54bf4847c8836fa5d634 - Path: Assets/Sounds/Kenney Audio/spaceEngineLarge_001.ogg - Importer: ScriptedImporter/UnityEditor.QuickSearchModule:UnityEditor.Search:ASIAI0B' with importer (ScriptedImporter : UnityEditor.QuickSearchModule:UnityEditor.Search:ASIAI0B)
Imported 'GUID: 8b838db4c61c54bf4847c8836fa5d634' -> (Import Result ID: 'bf15fa814f9be52156463eb2a1a028ea') in 0.002 seconds [static and dynamic dependencies]. Details - ImportResultOutputID=b053f9a0b18dad9e9169db14cc60c2ae DependenciesID=d9fbd225911d09dbfa7bad8742016102 StaticDependenciesID=a5e24fdbd378297f2e5a170359b13a9b 
Number of updated asset objects reloaded before import = 0
Number of asset objects unloaded after import = 1
========================================================================
Received Import Request.
  Time of request: 2026-09-15T09:37:37.264697Z
  Time since last request: 0.00038425 seconds.
  importAddress: GUID: e802a27e5a4004c7e934ecb928423425 - Path: Assets/Sounds/Kenney Audio/spaceEngineSmall_003.ogg - Importer: ScriptedImporter/UnityEditor.QuickSearchModule:UnityEditor.Search:ASIAI0B
Importing 'GUID: e802a27e5a4004c7e934ecb928423425 - Path: Assets/Sounds/Kenney Audio/spaceEngineSmall_003.ogg - Importer: ScriptedImporter/UnityEditor.QuickSearchModule:UnityEditor.Search:ASIAI0B' with importer (ScriptedImporter : UnityEditor.QuickSearchModule:UnityEditor.Search:ASIAI0B)
Imported 'GUID: e802a27e5a4004c7e934ecb928423425' -> (Import Result ID: '5f75dba9dcbadf4609e11aec1dca8a11') in 0.002 seconds [static and dynamic dependencies]. Details - ImportResultOutputID=1966928683f94e1ca6517fa55b1bd5f5 DependenciesID=90d9884018ccb311bf79c80828ba6958 StaticDependenciesID=4beca42fa73d941da775b4f79c07d3a4 
Number of updated asset objects reloaded before import = 0
Number of asset objects unloaded after import = 1
========================================================================
Received Import Request.
  Time of request: 2026-09-15T09:37:37.273469Z
  Time since last request: 0.000396042 seconds.
  importAddress: GUID: 3a465743956064d8488ebdf4688934f4 - Path: Assets/Sounds/Kenney Audio/doorClose_000.ogg - Importer: ScriptedImporter/UnityEditor.QuickSearchModule:UnityEditor.Search:ASIAI0B
Importing 'GUID: 3a465743956064d8488ebdf4688934f4 - Path: Assets/Sounds/Kenney Audio/doorClose_000.ogg - Importer: ScriptedImporter/UnityEditor.QuickSearchModule:UnityEditor.Search:ASIAI0B' with importer (ScriptedImporter : UnityEditor.QuickSearchModule:UnityEditor.Search:ASIAI0B)
Imported 'GUID: 3a465743956064d8488ebdf4688934f4' -> (Import Result ID: '9038e7c30f4b30288f86a606da9a5454') in 0.002 seconds [static and dynamic dependencies]. Details - ImportResultOutputID=c5aad5e08825e126efeb8f94b6bc3d27 DependenciesID=a7798d28640aa7447dcfd41ec6ecbe4b StaticDependenciesID=53d87bf490b564a99c8d516d56fe9b1b 
Number of updated asset objects reloaded before import = 0
Number of asset objects unloaded after import = 1
========================================================================
Received Import Request.
  Time of request: 2026-09-15T09:37:37.281605Z
  Time since last request: 0.000422541 seconds.
  importAddress: GUID: f835c6cf82b5f46979f7f3e3488d4b65 - Path: Assets/Sounds/Kenney Audio/explosionCrunch_001.ogg - Importer: ScriptedImporter/UnityEditor.QuickSearchModule:UnityEditor.Search:ASIAI0B
Importing 'GUID: f835c6cf82b5f46979f7f3e3488d4b65 - Path: Assets/Sounds/Kenney Audio/explosionCrunch_001.ogg - Importer: ScriptedImporter/UnityEditor.QuickSearchModule:UnityEditor.Search:ASIAI0B' with importer (ScriptedImporter : UnityEditor.QuickSearchModule:UnityEditor.Search:ASIAI0B)
Imported 'GUID: f835c6cf82b5f46979f7f3e3488d4b65' -> (Import Result ID: 'bd57465d0b55a3470f2b044eb9aa197f') in 0.002 seconds [static and dynamic dependencies]. Details - ImportResultOutputID=d4e601a4af5d9f2433ac83606ed8c136 DependenciesID=4f85e428fefd2c90626e52eb5e1422a2 StaticDependenciesID=b73f8d2f64bf0620e6b739a79847ca3b 
Number of updated asset objects reloaded before import = 0
Number of asset objects unloaded after import = 1
========================================================================
Received Import Request.
  Time of request: 2026-09-15T09:37:37.290034Z
  Time since last request: 0.000185041 seconds.
  importAddress: GUID: 993b86edca0a14596ae5cc2be1f5c8ff - Path: Assets/Sounds/Kenney Audio/spaceEngineLarge_000.ogg - Importer: ScriptedImporter/UnityEditor.QuickSearchModule:UnityEditor.Search:ASIAI0B
Importing 'GUID: 993b86edca0a14596ae5cc2be1f5c8ff - Path: Assets/Sounds/Kenney Audio/spaceEngineLarge_000.ogg - Importer: ScriptedImporter/UnityEditor.QuickSearchModule:UnityEditor.Search:ASIAI0B' with importer (ScriptedImporter : UnityEditor.QuickSearchModule:UnityEditor.Search:ASIAI0B)
Imported 'GUID: 993b86edca0a14596ae5cc2be1f5c8ff' -> (Import Result ID: '88114988f4faf104c24e7987e13d9300') in 0.002 seconds [static and dynamic dependencies]. Details - ImportResultOutputID=d8a707bc8ee0ee6eb63a2caa92f9cc99 DependenciesID=30a316e3ddf2b94f55eafa01ff2a89a0 StaticDependenciesID=ea36bc2e75381451ba71efbae7b5c35b 
Number of updated asset objects reloaded before import = 0
Number of asset objects unloaded after import = 1
========================================================================
Received Import Request.
  Time of request: 2026-09-15T09:37:37.297807Z
  Time since last request: 0.000170541 seconds.
  importAddress: GUID: a66026d331eeb437a9c05ba0ca161657 - Path: Assets/Sounds/Kenney Audio/computerNoise_002.ogg - Importer: ScriptedImporter/UnityEditor.QuickSearchModule:UnityEditor.Search:ASIAI0B
Importing 'GUID: a66026d331eeb437a9c05ba0ca161657 - Path: Assets/Sounds/Kenney Audio/computerNoise_002.ogg - Importer: ScriptedImporter/UnityEditor.QuickSearchModule:UnityEditor.Search:ASIAI0B' with importer (ScriptedImporter : UnityEditor.QuickSearchModule:UnityEditor.Search:ASIAI0B)
Imported 'GUID: a66026d331eeb437a9c05ba0ca161657' -> (Import Result ID: 'e20ff6a5533f5745eeddf79d9e52c337') in 0.002 seconds [static and dynamic dependencies]. Details - ImportResultOutputID=8bfca46d02b07856f79c968f6c22a5fe DependenciesID=87e23541959ada70a5cdc40208af0315 StaticDependenciesID=918836a9079fd694de5bb5aea8f20103 
Number of updated asset objects reloaded before import = 0
Number of asset objects unloaded after import = 1
========================================================================
Received Import Request.
  Time of request: 2026-09-15T09:37:37.306312Z
  Time since last request: 0.000191375 seconds.
  importAddress: GUID: 67ff2c6210d9d417f9d9cdf8c86e5329 - Path: Assets/Sounds/Kenney Audio/spaceEngineLarge_002.ogg - Importer: ScriptedImporter/UnityEditor.QuickSearchModule:UnityEditor.Search:ASIAI0B
Importing 'GUID: 67ff2c6210d9d417f9d9cdf8c86e5329 - Path: Assets/Sounds/Kenney Audio/spaceEngineLarge_002.ogg - Importer: ScriptedImporter/UnityEditor.QuickSearchModule:UnityEditor.Search:ASIAI0B' with importer (ScriptedImporter : UnityEditor.QuickSearchModule:UnityEditor.Search:ASIAI0B)
Imported 'GUID: 67ff2c6210d9d417f9d9cdf8c86e5329' -> (Import Result ID: '0fc9dd4925028569a6bbaf12285cf7dc') in 0.002 seconds [static and dynamic dependencies]. Details - ImportResultOutputID=2946ecff39a87a355aebd5bc054c2433 DependenciesID=9cae745fcb93bd03712fc9c8cb33b19c StaticDependenciesID=fe7d7d50b08619215dd5f0a589eb7210 
Number of updated asset objects reloaded before import = 0
Number of asset objects unloaded after import = 1
========================================================================
Received Import Request.
  Time of request: 2026-09-15T09:37:37.314308Z
  Time since last request: 0.000302875 seconds.
  importAddress: GUID: 4786de013691643f1ab62cdab37ccaf0 - Path: Assets/Sounds/Kenney Audio/spaceEngineSmall_001.ogg - Importer: ScriptedImporter/UnityEditor.QuickSearchModule:UnityEditor.Search:ASIAI0B
Importing 'GUID: 4786de013691643f1ab62cdab37ccaf0 - Path: Assets/Sounds/Kenney Audio/spaceEngineSmall_001.ogg - Importer: ScriptedImporter/UnityEditor.QuickSearchModule:UnityEditor.Search:ASIAI0B' with importer (ScriptedImporter : UnityEditor.QuickSearchModule:UnityEditor.Search:ASIAI0B)
Imported 'GUID: 4786de013691643f1ab62cdab37ccaf0' -> (Import Result ID: '6a85db6b8b3824cb26a2742ec54848bc') in 0.002 seconds [static and dynamic dependencies]. Details - ImportResultOutputID=9939c42358ee1cc602cb2c987c007398 DependenciesID=70f1b16d18400a2b9a660314bc3de10b StaticDependenciesID=5aaa32c08b31e7a45c930290a7c8a916 
Number of updated asset objects reloaded before import = 0
Number of asset objects unloaded after import = 1
========================================================================
Received Import Request.
  Time of request: 2026-09-15T09:37:37.322586Z
  Time since last request: 0.000202833 seconds.
  importAddress: GUID: 9e9e7ad0b14d44e6597bd35f7f6d344c - Path: Assets/Sounds/Kenney Audio/spaceEngineLow_000.ogg - Importer: ScriptedImporter/UnityEditor.QuickSearchModule:UnityEditor.Search:ASIAI0B
Importing 'GUID: 9e9e7ad0b14d44e6597bd35f7f6d344c - Path: Assets/Sounds/Kenney Audio/spaceEngineLow_000.ogg - Importer: ScriptedImporter/UnityEditor.QuickSearchModule:UnityEditor.Search:ASIAI0B' with importer (ScriptedImporter : UnityEditor.QuickSearchModule:UnityEditor.Search:ASIAI0B)
Imported 'GUID: 9e9e7ad0b14d44e6597bd35f7f6d344c' -> (Import Result ID: 'c3bf467025b100f9eb426c0a8113469f') in 0.002 seconds [static and dynamic dependencies]. Details - ImportResultOutputID=527432b0a256f92b4eb838cd0a7964c4 DependenciesID=00efe3adeb5e651bed93d08670c7ef11 StaticDependenciesID=2ce327fbc33a38e48e645513bbee8371 
Number of updated asset objects reloaded before import = 0
Number of asset objects unloaded after import = 1
========================================================================
Received Import Request.
  Time of request: 2026-09-15T09:37:37.331105Z
  Time since last request: 0.00024275 seconds.
  importAddress: GUID: bb97055751e21401b8979af405afa07a - Path: Assets/Sounds/Kenney Audio/laserLarge_004.ogg - Importer: ScriptedImporter/UnityEditor.QuickSearchModule:UnityEditor.Search:ASIAI0B
Importing 'GUID: bb97055751e21401b8979af405afa07a - Path: Assets/Sounds/Kenney Audio/laserLarge_004.ogg - Importer: ScriptedImporter/UnityEditor.QuickSearchModule:UnityEditor.Search:ASIAI0B' with importer (ScriptedImporter : UnityEditor.QuickSearchModule:UnityEditor.Search:ASIAI0B)
Imported 'GUID: bb97055751e21401b8979af405afa07a' -> (Import Result ID: 'f5ae110e9536f5f8b8b7b53573d79f70') in 0.002 seconds [static and dynamic dependencies]. Details - ImportResultOutputID=e3da1cb5627857b826de02b2f6a580a2 DependenciesID=06324e7780d2b29475df10e191758fba StaticDependenciesID=14b058f1e2c5681851172d30052fd4d3 
Number of updated asset objects reloaded before import = 0
Number of asset objects unloaded after import = 1
========================================================================
Received Import Request.
  Time of request: 2026-09-15T09:37:37.339309Z
  Time since last request: 0.000220708 seconds.
  importAddress: GUID: 594cbb19ca3664e17bdacadcec57c5be - Path: Assets/Sounds/Kenney Audio/laserLarge_001.ogg - Importer: ScriptedImporter/UnityEditor.QuickSearchModule:UnityEditor.Search:ASIAI0B
Importing 'GUID: 594cbb19ca3664e17bdacadcec57c5be - Path: Assets/Sounds/Kenney Audio/laserLarge_001.ogg - Importer: ScriptedImporter/UnityEditor.QuickSearchModule:UnityEditor.Search:ASIAI0B' with importer (ScriptedImporter : UnityEditor.QuickSearchModule:UnityEditor.Search:ASIAI0B)
Imported 'GUID: 594cbb19ca3664e17bdacadcec57c5be' -> (Import Result ID: 'ac6c3c043246d6c5f62d7d072e9e3312') in 0.002 seconds [static and dynamic dependencies]. Details - ImportResultOutputID=4603c384f998bcf23bee0ef8a0d9747a DependenciesID=5f84ad32387ce0afbf62742593c1c981 StaticDependenciesID=6441f53ca884185bec3a5e5d0a507a77 
Number of updated asset objects reloaded before import = 0
Number of asset objects unloaded after import = 1
========================================================================
Received Import Request.
  Time of request: 2026-09-15T09:37:37.348976Z
  Time since last request: 0.001674916 seconds.
  importAddress: GUID: 8914d9d0612c4488698554f9f24a4f0c - Path: Assets/Sounds/Kenney Audio/explosionCrunch_002.ogg - Importer: ScriptedImporter/UnityEditor.QuickSearchModule:UnityEditor.Search:ASIAI0B
Importing 'GUID: 8914d9d0612c4488698554f9f24a4f0c - Path: Assets/Sounds/Kenney Audio/explosionCrunch_002.ogg - Importer: ScriptedImporter/UnityEditor.QuickSearchModule:UnityEditor.Search:ASIAI0B' with importer (ScriptedImporter : UnityEditor.QuickSearchModule:UnityEditor.Search:ASIAI0B)
Imported 'GUID: 8914d9d0612c4488698554f9f24a4f0c' -> (Import Result ID: 'a1b8bce551e739fcf10a98e71dbf0f76') in 0.002 seconds [static and dynamic dependencies]. Details - ImportResultOutputID=b3bf3e0cb1f02b8714d2074dc85efc27 DependenciesID=0a4d8769bb817b07de906949eaad61b4 StaticDependenciesID=fa2a084ab4fbebd2a7cb730cb8a17293 
Number of updated asset objects reloaded before import = 0
Number of asset objects unloaded after import = 1
========================================================================
Received Import Request.
  Time of request: 2026-09-15T09:37:37.356655Z
  Time since last request: 0.000266209 seconds.
  importAddress: GUID: acc63b68d5b0b4aaba8298fabe2ac62b - Path: Assets/Sounds/Kenney Audio/thrusterFire_000.ogg - Importer: ScriptedImporter/UnityEditor.QuickSearchModule:UnityEditor.Search:ASIAI0B
Importing 'GUID: acc63b68d5b0b4aaba8298fabe2ac62b - Path: Assets/Sounds/Kenney Audio/thrusterFire_000.ogg - Importer: ScriptedImporter/UnityEditor.QuickSearchModule:UnityEditor.Search:ASIAI0B' with importer (ScriptedImporter : UnityEditor.QuickSearchModule:UnityEditor.Search:ASIAI0B)
Imported 'GUID: acc63b68d5b0b4aaba8298fabe2ac62b' -> (Import Result ID: 'dc44cedbef6b1a4897155f0621b65e66') in 0.002 seconds [static and dynamic dependencies]. Details - ImportResultOutputID=0ece9d499e28ff55caf0d97c14053e60 DependenciesID=f5384a3337bb14d890282728c608ae98 StaticDependenciesID=5669612d0670ad02f67ab39846d7f48f 
Number of updated asset objects reloaded before import = 0
Number of asset objects unloaded after import = 1
========================================================================
Received Import Request.
  Time of request: 2026-09-15T09:37:37.364816Z
  Time since last request: 0.000250417 seconds.
  importAddress: GUID: 54cc2648a01334cc0a10ee0f2b64a78e - Path: Assets/Sounds/Kenney Audio/laserSmall_000.ogg - Importer: ScriptedImporter/UnityEditor.QuickSearchModule:UnityEditor.Search:ASIAI0B
Importing 'GUID: 54cc2648a01334cc0a10ee0f2b64a78e - Path: Assets/Sounds/Kenney Audio/laserSmall_000.ogg - Importer: ScriptedImporter/UnityEditor.QuickSearchModule:UnityEditor.Search:ASIAI0B' with importer (ScriptedImporter : UnityEditor.QuickSearchModule:UnityEditor.Search:ASIAI0B)
Imported 'GUID: 54cc2648a01334cc0a10ee0f2b64a78e' -> (Import Result ID: 'ac449b11fb4351011529303f22146519') in 0.002 seconds [static and dynamic dependencies]. Details - ImportResultOutputID=c407ef311c7380410b66b37d833cdf46 DependenciesID=d772860c75cd700eec7335b267219495 StaticDependenciesID=1e7dcad266131abbdeb5e0dedd0e440c 
Number of updated asset objects reloaded before import = 0
Number of asset objects unloaded after import = 1
========================================================================
Received Import Request.
  Time of request: 2026-09-15T09:37:37.373502Z
  Time since last request: 0.00026075 seconds.
  importAddress: GUID: 65d08d25fa56e449c8239c0f396e8465 - Path: Assets/Sounds/Kenney Audio/doorClose_001.ogg - Importer: ScriptedImporter/UnityEditor.QuickSearchModule:UnityEditor.Search:ASIAI0B
Importing 'GUID: 65d08d25fa56e449c8239c0f396e8465 - Path: Assets/Sounds/Kenney Audio/doorClose_001.ogg - Importer: ScriptedImporter/UnityEditor.QuickSearchModule:UnityEditor.Search:ASIAI0B' with importer (ScriptedImporter : UnityEditor.QuickSearchModule:UnityEditor.Search:ASIAI0B)
Imported 'GUID: 65d08d25fa56e449c8239c0f396e8465' -> (Import Result ID: '311ba92988a9d3a075db30fd27cc42e1') in 0.002 seconds [static and dynamic dependencies]. Details - ImportResultOutputID=969cd2d38bc4dd3767fc6688cec4d3dd DependenciesID=7448d0905b56035c241c7ba2147d581f StaticDependenciesID=b76cf35ad85f1112b571def7fde43fb2 
Number of updated asset objects reloaded before import = 0
Number of asset objects unloaded after import = 1
========================================================================
Received Import Request.
  Time of request: 2026-09-15T09:37:37.381603Z
  Time since last request: 0.000184458 seconds.
  importAddress: GUID: a694b671b46984c0abd0af175bfba8d6 - Path: Assets/Sounds/Kenney Audio/laserLarge_000.ogg - Importer: ScriptedImporter/UnityEditor.QuickSearchModule:UnityEditor.Search:ASIAI0B
Importing 'GUID: a694b671b46984c0abd0af175bfba8d6 - Path: Assets/Sounds/Kenney Audio/laserLarge_000.ogg - Importer: ScriptedImporter/UnityEditor.QuickSearchModule:UnityEditor.Search:ASIAI0B' with importer (ScriptedImporter : UnityEditor.QuickSearchModule:UnityEditor.Search:ASIAI0B)
Imported 'GUID: a694b671b46984c0abd0af175bfba8d6' -> (Import Result ID: '64fa0b009dc021d4588a1e5f10f30140') in 0.002 seconds [static and dynamic dependencies]. Details - ImportResultOutputID=b1bffcdadda9c8b046d3839ce64b82e6 DependenciesID=6fecd969022d1a789cc3070ff7a55459 StaticDependenciesID=c278e9fdad0aa1cfb55f753d30b1c6ea 
Number of updated asset objects reloaded before import = 0
Number of asset objects unloaded after import = 1
========================================================================
Received Import Request.
  Time of request: 2026-09-15T09:37:37.389483Z
  Time since last request: 0.000240792 seconds.
  importAddress: GUID: f2462c998dbfc4a63a2c50cb90adeee6 - Path: Assets/Sounds/Kenney Audio/impactMetal_004.ogg - Importer: ScriptedImporter/UnityEditor.QuickSearchModule:UnityEditor.Search:ASIAI0B
Importing 'GUID: f2462c998dbfc4a63a2c50cb90adeee6 - Path: Assets/Sounds/Kenney Audio/impactMetal_004.ogg - Importer: ScriptedImporter/UnityEditor.QuickSearchModule:UnityEditor.Search:ASIAI0B' with importer (ScriptedImporter : UnityEditor.QuickSearchModule:UnityEditor.Search:ASIAI0B)
Imported 'GUID: f2462c998dbfc4a63a2c50cb90adeee6' -> (Import Result ID: 'db50498e1c085da5228683a423c88451') in 0.002 seconds [static and dynamic dependencies]. Details - ImportResultOutputID=d680e6065a72fb418d4b023f36813fad DependenciesID=1585c135a44022eaa0d15f33a0e6337a StaticDependenciesID=ef723d0939b8a2d3f1cba85b0544f00e 
Number of updated asset objects reloaded before import = 0
Number of asset objects unloaded after import = 1
========================================================================
Received Import Request.
  Time of request: 2026-09-15T09:37:37.397572Z
  Time since last request: 0.00026575 seconds.
  importAddress: GUID: b69f2300f57f846f680cf47a7ba5df18 - Path: Assets/Sounds/Kenney Audio/spaceEngineLow_001.ogg - Importer: ScriptedImporter/UnityEditor.QuickSearchModule:UnityEditor.Search:ASIAI0B
Importing 'GUID: b69f2300f57f846f680cf47a7ba5df18 - Path: Assets/Sounds/Kenney Audio/spaceEngineLow_001.ogg - Importer: ScriptedImporter/UnityEditor.QuickSearchModule:UnityEditor.Search:ASIAI0B' with importer (ScriptedImporter : UnityEditor.QuickSearchModule:UnityEditor.Search:ASIAI0B)
Imported 'GUID: b69f2300f57f846f680cf47a7ba5df18' -> (Import Result ID: '6bcf949184b96e2388407d8aca05e2b9') in 0.002 seconds [static and dynamic dependencies]. Details - ImportResultOutputID=7e2e0023a4ad04191de4873f4fc19e06 DependenciesID=f1a9a3dfdc3d9eaa86fff6c18cc60fe8 StaticDependenciesID=f0a8b11a17962dac051f8b66e5c9421b 
Number of updated asset objects reloaded before import = 0
Number of asset objects unloaded after import = 1
========================================================================
Received Import Request.
  Time of request: 2026-09-15T09:37:37.405946Z
  Time since last request: 0.000229667 seconds.
  importAddress: GUID: 5eeae2e78b0eb4a90867d6610d542386 - Path: Assets/Sounds/Kenney Audio/forceField_001.ogg - Importer: ScriptedImporter/UnityEditor.QuickSearchModule:UnityEditor.Search:ASIAI0B
Importing 'GUID: 5eeae2e78b0eb4a90867d6610d542386 - Path: Assets/Sounds/Kenney Audio/forceField_001.ogg - Importer: ScriptedImporter/UnityEditor.QuickSearchModule:UnityEditor.Search:ASIAI0B' with importer (ScriptedImporter : UnityEditor.QuickSearchModule:UnityEditor.Search:ASIAI0B)
Imported 'GUID: 5eeae2e78b0eb4a90867d6610d542386' -> (Import Result ID: '01505dd9b4eda9a05990db5bb29fe621') in 0.002 seconds [static and dynamic dependencies]. Details - ImportResultOutputID=74903cd781ca0fe2ca4a80593a94564c DependenciesID=35871ab065e9020437f2988baf57c588 StaticDependenciesID=d54f6d381fa3e2ff669cb590fc301a20 
Number of updated asset objects reloaded before import = 0
Number of asset objects unloaded after import = 1
========================================================================
Received Import Request.
  Time of request: 2026-09-15T09:37:37.414171Z
  Time since last request: 0.00023075 seconds.
  importAddress: GUID: 3d9159efd48bd40e3a5c59d29f3f4812 - Path: Assets/Sounds/Kenney Audio/spaceEngineSmall_004.ogg - Importer: ScriptedImporter/UnityEditor.QuickSearchModule:UnityEditor.Search:ASIAI0B
Importing 'GUID: 3d9159efd48bd40e3a5c59d29f3f4812 - Path: Assets/Sounds/Kenney Audio/spaceEngineSmall_004.ogg - Importer: ScriptedImporter/UnityEditor.QuickSearchModule:UnityEditor.Search:ASIAI0B' with importer (ScriptedImporter : UnityEditor.QuickSearchModule:UnityEditor.Search:ASIAI0B)
Imported 'GUID: 3d9159efd48bd40e3a5c59d29f3f4812' -> (Import Result ID: 'ac72bf809b52e77782e240d9ece30016') in 0.002 seconds [static and dynamic dependencies]. Details - ImportResultOutputID=1f370926f11a7de3d6398eb4750109d0 DependenciesID=40a1eebfb283d686d194f516bac91895 StaticDependenciesID=91625fb3d33eb0be3a22d2398f596631 
Number of updated asset objects reloaded before import = 0
Number of asset objects unloaded after import = 1
========================================================================
Received Import Request.
  Time of request: 2026-09-15T09:37:37.422641Z
  Time since last request: 0.000345084 seconds.
  importAddress: GUID: 218715a6660894e249d3cec9ceb0dfa4 - Path: Assets/Sounds/Kenney Audio/explosionCrunch_000.ogg - Importer: ScriptedImporter/UnityEditor.QuickSearchModule:UnityEditor.Search:ASIAI0B
Importing 'GUID: 218715a6660894e249d3cec9ceb0dfa4 - Path: Assets/Sounds/Kenney Audio/explosionCrunch_000.ogg - Importer: ScriptedImporter/UnityEditor.QuickSearchModule:UnityEditor.Search:ASIAI0B' with importer (ScriptedImporter : UnityEditor.QuickSearchModule:UnityEditor.Search:ASIAI0B)
Imported 'GUID: 218715a6660894e249d3cec9ceb0dfa4' -> (Import Result ID: 'd4324af860699f81ef55ed2bfda4bbd4') in 0.002 seconds [static and dynamic dependencies]. Details - ImportResultOutputID=f8f0d1523949b80026ee76668e5bb0c6 DependenciesID=08d96b977c09d38704f12be3c3965674 StaticDependenciesID=837af2398f49d8944eb8ae2cbb3fc63e 
Number of updated asset objects reloaded before import = 0
Number of asset objects unloaded after import = 1
========================================================================
Received Import Request.
  Time of request: 2026-09-15T09:37:37.430845Z
  Time since last request: 0.000254792 seconds.
  importAddress: GUID: 8344093fc5f7c4ddd8873cbc79acbe90 - Path: Assets/Sounds/Kenney Audio/thrusterFire_003.ogg - Importer: ScriptedImporter/UnityEditor.QuickSearchModule:UnityEditor.Search:ASIAI0B
Importing 'GUID: 8344093fc5f7c4ddd8873cbc79acbe90 - Path: Assets/Sounds/Kenney Audio/thrusterFire_003.ogg - Importer: ScriptedImporter/UnityEditor.QuickSearchModule:UnityEditor.Search:ASIAI0B' with importer (ScriptedImporter : UnityEditor.QuickSearchModule:UnityEditor.Search:ASIAI0B)
Imported 'GUID: 8344093fc5f7c4ddd8873cbc79acbe90' -> (Import Result ID: '3f60a555d585faab9379a8458fda0230') in 0.002 seconds [static and dynamic dependencies]. Details - ImportResultOutputID=5f2743b9b5925f0797732536577a6b9f DependenciesID=87d69126ba8ddaf62355c13a14bc9d25 StaticDependenciesID=2c628cd10c1bb19bd3eb72c326c4f262 
Number of updated asset objects reloaded before import = 0
Number of asset objects unloaded after import = 1
========================================================================
Received Import Request.
  Time of request: 2026-09-15T09:37:37.439253Z
  Time since last request: 0.000248083 seconds.
  importAddress: GUID: 00be25160853543109717781677f1a88 - Path: Assets/Sounds/Kenney Audio/spaceEngine_001.ogg - Importer: ScriptedImporter/UnityEditor.QuickSearchModule:UnityEditor.Search:ASIAI0B
Importing 'GUID: 00be25160853543109717781677f1a88 - Path: Assets/Sounds/Kenney Audio/spaceEngine_001.ogg - Importer: ScriptedImporter/UnityEditor.QuickSearchModule:UnityEditor.Search:ASIAI0B' with importer (ScriptedImporter : UnityEditor.QuickSearchModule:UnityEditor.Search:ASIAI0B)
Imported 'GUID: 00be25160853543109717781677f1a88' -> (Import Result ID: '910681552a361bc3d9bc21959f126574') in 0.002 seconds [static and dynamic dependencies]. Details - ImportResultOutputID=a8d55b2d84d5e6429972789aaf20a016 DependenciesID=5b9b6738d4e5fac7c5fb8aee0efe2fdb StaticDependenciesID=60444ee022240e7aedb0873ee439d2a7 
Number of updated asset objects reloaded before import = 0
Number of asset objects unloaded after import = 1
========================================================================
Received Import Request.
  Time of request: 2026-09-15T09:37:37.447448Z
  Time since last request: 0.000249583 seconds.
  importAddress: GUID: db146151f35d34d51805a54942473d2c - Path: Assets/Sounds/Kenney Audio/spaceEngineLarge_004.ogg - Importer: ScriptedImporter/UnityEditor.QuickSearchModule:UnityEditor.Search:ASIAI0B
Importing 'GUID: db146151f35d34d51805a54942473d2c - Path: Assets/Sounds/Kenney Audio/spaceEngineLarge_004.ogg - Importer: ScriptedImporter/UnityEditor.QuickSearchModule:UnityEditor.Search:ASIAI0B' with importer (ScriptedImporter : UnityEditor.QuickSearchModule:UnityEditor.Search:ASIAI0B)
Imported 'GUID: db146151f35d34d51805a54942473d2c' -> (Import Result ID: 'f6cebfb58e4b7bc88fc29509b6506947') in 0.002 seconds [static and dynamic dependencies]. Details - ImportResultOutputID=621bc063eb80d6e80bf77541aad2d036 DependenciesID=1a6e9b6c1522de92a462d25378976d69 StaticDependenciesID=38aae5988e040f1338db56dd8014fc9d 
Number of updated asset objects reloaded before import = 0
Number of asset objects unloaded after import = 1
========================================================================
Received Import Request.
  Time of request: 2026-09-15T09:37:37.455737Z
  Time since last request: 0.000150125 seconds.
  importAddress: GUID: 29243f445a8594b77aa7ef12811c2151 - Path: Assets/Sounds/Kenney Audio/laserRetro_003.ogg - Importer: ScriptedImporter/UnityEditor.QuickSearchModule:UnityEditor.Search:ASIAI0B
Importing 'GUID: 29243f445a8594b77aa7ef12811c2151 - Path: Assets/Sounds/Kenney Audio/laserRetro_003.ogg - Importer: ScriptedImporter/UnityEditor.QuickSearchModule:UnityEditor.Search:ASIAI0B' with importer (ScriptedImporter : UnityEditor.QuickSearchModule:UnityEditor.Search:ASIAI0B)
Imported 'GUID: 29243f445a8594b77aa7ef12811c2151' -> (Import Result ID: '5bf31da34d307578d4e15d8081a06308') in 0.002 seconds [static and dynamic dependencies]. Details - ImportResultOutputID=d71879cd9a118da85c970c33468c6570 DependenciesID=9e055c51fa9be3ec3e90c2e44f1e058f StaticDependenciesID=90a7a573e5f12a64380381ab4b8f01e6 
Number of updated asset objects reloaded before import = 0
Number of asset objects unloaded after import = 1
========================================================================
Received Import Request.
  Time of request: 2026-09-15T09:37:37.464046Z
  Time since last request: 0.000171125 seconds.
  importAddress: GUID: b0138166f3f7741f4b5ae75100b980fd - Path: Assets/Sounds/Kenney Audio/forceField_002.ogg - Importer: ScriptedImporter/UnityEditor.QuickSearchModule:UnityEditor.Search:ASIAI0B
Importing 'GUID: b0138166f3f7741f4b5ae75100b980fd - Path: Assets/Sounds/Kenney Audio/forceField_002.ogg - Importer: ScriptedImporter/UnityEditor.QuickSearchModule:UnityEditor.Search:ASIAI0B' with importer (ScriptedImporter : UnityEditor.QuickSearchModule:UnityEditor.Search:ASIAI0B)
Imported 'GUID: b0138166f3f7741f4b5ae75100b980fd' -> (Import Result ID: '91a402c9ec8a300775ce79b5f41aaa79') in 0.003 seconds [static and dynamic dependencies]. Details - ImportResultOutputID=3e88bb891324e9c97e1e1d600aa87e03 DependenciesID=2608282337586a9dc3a5636ada98c570 StaticDependenciesID=19c6f0a9ba40a5309af60922edfcd639 
Number of updated asset objects reloaded before import = 0
Number of asset objects unloaded after import = 1
========================================================================
Received Import Request.
  Time of request: 2026-09-15T09:37:37.472924Z
  Time since last request: 0.000173292 seconds.
  importAddress: GUID: 1b226aada858240dbab7181e72f0558c - Path: Assets/Sounds/Kenney Audio/laserLarge_002.ogg - Importer: ScriptedImporter/UnityEditor.QuickSearchModule:UnityEditor.Search:ASIAI0B
Importing 'GUID: 1b226aada858240dbab7181e72f0558c - Path: Assets/Sounds/Kenney Audio/laserLarge_002.ogg - Importer: ScriptedImporter/UnityEditor.QuickSearchModule:UnityEditor.Search:ASIAI0B' with importer (ScriptedImporter : UnityEditor.QuickSearchModule:UnityEditor.Search:ASIAI0B)
Imported 'GUID: 1b226aada858240dbab7181e72f0558c' -> (Import Result ID: '29e8fba4c6a2a37e924807939204d8a7') in 0.001 seconds [static and dynamic dependencies]. Details - ImportResultOutputID=1803724cac2e638329581b958a36743e DependenciesID=84cc31567a1564a0e68aecb80500d7ec StaticDependenciesID=ff12c6d30d844bd204979f8fe4f5c7d2 
Number of updated asset objects reloaded before import = 0
Number of asset objects unloaded after import = 1
========================================================================
Received Import Request.
  Time of request: 2026-09-15T09:37:37.480314Z
  Time since last request: 0.00026225 seconds.
  importAddress: GUID: aee42473c77bb440396a70e57a574a43 - Path: Assets/Sounds/Kenney Audio/laserSmall_004.ogg - Importer: ScriptedImporter/UnityEditor.QuickSearchModule:UnityEditor.Search:ASIAI0B
Importing 'GUID: aee42473c77bb440396a70e57a574a43 - Path: Assets/Sounds/Kenney Audio/laserSmall_004.ogg - Importer: ScriptedImporter/UnityEditor.QuickSearchModule:UnityEditor.Search:ASIAI0B' with importer (ScriptedImporter : UnityEditor.QuickSearchModule:UnityEditor.Search:ASIAI0B)
Imported 'GUID: aee42473c77bb440396a70e57a574a43' -> (Import Result ID: '903fc15a53ea57bbca53a5517766c852') in 0.002 seconds [static and dynamic dependencies]. Details - ImportResultOutputID=9c0e80fab3ab1f0ca9508d76a273d7fc DependenciesID=a2774f1bfcd27c75fc47e9c3a8fa8303 StaticDependenciesID=f9fe2513a67f78bd8c67e31425927fcc 
Number of updated asset objects reloaded before import = 0
Number of asset objects unloaded after import = 1
========================================================================
Received Import Request.
  Time of request: 2026-09-15T09:37:37.489567Z
  Time since last request: 0.000896833 seconds.
  importAddress: GUID: dd727c6b8bc4644b88b0b7c9d883e5d6 - Path: Assets/Sounds/Kenney Audio/thrusterFire_002.ogg - Importer: ScriptedImporter/UnityEditor.QuickSearchModule:UnityEditor.Search:ASIAI0B
Importing 'GUID: dd727c6b8bc4644b88b0b7c9d883e5d6 - Path: Assets/Sounds/Kenney Audio/thrusterFire_002.ogg - Importer: ScriptedImporter/UnityEditor.QuickSearchModule:UnityEditor.Search:ASIAI0B' with importer (ScriptedImporter : UnityEditor.QuickSearchModule:UnityEditor.Search:ASIAI0B)
Imported 'GUID: dd727c6b8bc4644b88b0b7c9d883e5d6' -> (Import Result ID: '45a759126f31aa73beb05b4258cf6d90') in 0.002 seconds [static and dynamic dependencies]. Details - ImportResultOutputID=2559136a8b360a3dcbe06e98f920788f DependenciesID=3eef0a6ac1da89f111410dc0c3b9793b StaticDependenciesID=2bdc6a53eaad0688e9b475874be269bc 
Number of updated asset objects reloaded before import = 0
Number of asset objects unloaded after import = 1
========================================================================
Received Import Request.
  Time of request: 2026-09-15T09:37:37.498066Z
  Time since last request: 0.000246125 seconds.
  importAddress: GUID: 4f272b5a8885f4c30bbedb9bca430cf7 - Path: Assets/Sounds/Kenney Audio/impactMetal_000.ogg - Importer: ScriptedImporter/UnityEditor.QuickSearchModule:UnityEditor.Search:ASIAI0B
Importing 'GUID: 4f272b5a8885f4c30bbedb9bca430cf7 - Path: Assets/Sounds/Kenney Audio/impactMetal_000.ogg - Importer: ScriptedImporter/UnityEditor.QuickSearchModule:UnityEditor.Search:ASIAI0B' with importer (ScriptedImporter : UnityEditor.QuickSearchModule:UnityEditor.Search:ASIAI0B)
Imported 'GUID: 4f272b5a8885f4c30bbedb9bca430cf7' -> (Import Result ID: '81c9807fd6217f03680e767084008b83') in 0.002 seconds [static and dynamic dependencies]. Details - ImportResultOutputID=988134ac453dd931b22ab7335ccefe23 DependenciesID=a1ef32b998db2d7036d65066103a3111 StaticDependenciesID=e6db60c62400b287f65c28df11cd8fda 
Number of updated asset objects reloaded before import = 0
Number of asset objects unloaded after import = 1
========================================================================
Received Import Request.
  Time of request: 2026-09-15T09:37:37.506553Z
  Time since last request: 0.000345709 seconds.
  importAddress: GUID: 3d83224358b9143d6900b16db25de3be - Path: Assets/Sounds/Kenney Audio/laserRetro_002.ogg - Importer: ScriptedImporter/UnityEditor.QuickSearchModule:UnityEditor.Search:ASIAI0B
Importing 'GUID: 3d83224358b9143d6900b16db25de3be - Path: Assets/Sounds/Kenney Audio/laserRetro_002.ogg - Importer: ScriptedImporter/UnityEditor.QuickSearchModule:UnityEditor.Search:ASIAI0B' with importer (ScriptedImporter : UnityEditor.QuickSearchModule:UnityEditor.Search:ASIAI0B)
Imported 'GUID: 3d83224358b9143d6900b16db25de3be' -> (Import Result ID: 'f054b110287475645da9b2a3bcd0f4bc') in 0.002 seconds [static and dynamic dependencies]. Details - ImportResultOutputID=5f1c771930f9a3f03612f2ec8905b8b2 DependenciesID=3f0067cd2820ff27ecdd5cd3c4fccbaf StaticDependenciesID=0305b5cc1db881d041fd7f9725961c98 
Number of updated asset objects reloaded before import = 0
Number of asset objects unloaded after import = 1
========================================================================
Received Import Request.
  Time of request: 2026-09-15T09:37:37.514736Z
  Time since last request: 0.000187584 seconds.
  importAddress: GUID: b7a3536e6018448608e00d60c91f300d - Path: Assets/Sounds/Kenney Audio/doorOpen_001.ogg - Importer: ScriptedImporter/UnityEditor.QuickSearchModule:UnityEditor.Search:ASIAI0B
Importing 'GUID: b7a3536e6018448608e00d60c91f300d - Path: Assets/Sounds/Kenney Audio/doorOpen_001.ogg - Importer: ScriptedImporter/UnityEditor.QuickSearchModule:UnityEditor.Search:ASIAI0B' with importer (ScriptedImporter : UnityEditor.QuickSearchModule:UnityEditor.Search:ASIAI0B)
Imported 'GUID: b7a3536e6018448608e00d60c91f300d' -> (Import Result ID: 'cca2fd7b15be5efe1843c1cd33e0dab6') in 0.002 seconds [static and dynamic dependencies]. Details - ImportResultOutputID=bd2cc065ea587c1b04107cecb631a249 DependenciesID=289a97e4000f7967f8af1ed39e84d16c StaticDependenciesID=11d4df4a69feb8b38b5e4805be28f159 
Number of updated asset objects reloaded before import = 0
Number of asset objects unloaded after import = 1
========================================================================
Received Import Request.
  Time of request: 2026-09-15T09:37:54.68162Z
  Time since last request: 17.159161875 seconds.
  importAddress: GUID: 29243f445a8594b77aa7ef12811c2151 - Path: Assets/Sounds/Kenney Audio/laserRetro_003.ogg - Importer: PreviewImporter
Importing 'GUID: 29243f445a8594b77aa7ef12811c2151 - Path: Assets/Sounds/Kenney Audio/laserRetro_003.ogg - Importer: PreviewImporter' with importer (PreviewImporter)
Imported 'GUID: 29243f445a8594b77aa7ef12811c2151' -> (Import Result ID: '01c8a970fcd1deae426c4715dc97213d') in 0.007 seconds [static and dynamic dependencies]. Details - ImportResultOutputID=20bcca979d830eee6c84856fb9944e06 DependenciesID=31a5b7b809ada885ecfc5a677a008534 StaticDependenciesID=4bbcc19467d8259d53c5e55ed1741557 
Number of updated asset objects reloaded before import = 0
Number of asset objects unloaded after import = 2
========================================================================
Received Import Request.
  Time of request: 2026-09-15T09:37:54.696163Z
  Time since last request: 0.000408 seconds.
  importAddress: GUID: c9e1b70c840ae46e384a1cc1dcfc5416 - Path: Assets/Sounds/Kenney Audio/lowFrequency_explosion_000.ogg - Importer: PreviewImporter
Importing 'GUID: c9e1b70c840ae46e384a1cc1dcfc5416 - Path: Assets/Sounds/Kenney Audio/lowFrequency_explosion_000.ogg - Importer: PreviewImporter' with importer (PreviewImporter)
Imported 'GUID: c9e1b70c840ae46e384a1cc1dcfc5416' -> (Import Result ID: 'fadd8b29fd31da154e4b878e2be3406f') in 0.003 seconds [static and dynamic dependencies]. Details - ImportResultOutputID=1f7bf91fdb70b6019f21c523ec411fe7 DependenciesID=fd6b5ea33b95952cdd4bc754fe5ea4a9 StaticDependenciesID=8617171fba45936e3f87e11662aca911 
Number of updated asset objects reloaded before import = 0
Number of asset objects unloaded after import = 2
========================================================================
Received Import Request.
  Time of request: 2026-09-15T09:37:54.706417Z
  Time since last request: 0.000463333 seconds.
  importAddress: GUID: aee42473c77bb440396a70e57a574a43 - Path: Assets/Sounds/Kenney Audio/laserSmall_004.ogg - Importer: PreviewImporter
Importing 'GUID: aee42473c77bb440396a70e57a574a43 - Path: Assets/Sounds/Kenney Audio/laserSmall_004.ogg - Importer: PreviewImporter' with importer (PreviewImporter)
Imported 'GUID: aee42473c77bb440396a70e57a574a43' -> (Import Result ID: '028846967e431fe6188aa45555163d3f') in 0.003 seconds [static and dynamic dependencies]. Details - ImportResultOutputID=36b0371369d7ba988f2aad41083d3b6a DependenciesID=148abfa74aef723dbea9d5cabdf7cc2f StaticDependenciesID=632928920e37a4ef2e78eecfbf2c7f01 
Number of updated asset objects reloaded before import = 0
Number of asset objects unloaded after import = 2
========================================================================
Received Import Request.
  Time of request: 2026-09-15T09:37:54.716157Z
  Time since last request: 0.000271125 seconds.
  importAddress: GUID: 3f5245aecca64477b9af50a1e6738dc1 - Path: Assets/Sounds/Kenney Audio/laserRetro_004.ogg - Importer: PreviewImporter
Importing 'GUID: 3f5245aecca64477b9af50a1e6738dc1 - Path: Assets/Sounds/Kenney Audio/laserRetro_004.ogg - Importer: PreviewImporter' with importer (PreviewImporter)
Imported 'GUID: 3f5245aecca64477b9af50a1e6738dc1' -> (Import Result ID: '99f1a1ad24873e6d21ded287fbc2d6a8') in 0.003 seconds [static and dynamic dependencies]. Details - ImportResultOutputID=c6f2c4c3e48c45fd88b2cb770e973fbc DependenciesID=9e14494f3d09838a4dfac1ab7ba4a895 StaticDependenciesID=e9204ac677f55a92fdc7391dab0e78af 
Number of updated asset objects reloaded before import = 0
Number of asset objects unloaded after import = 2
========================================================================
Received Import Request.
  Time of request: 2026-09-15T09:37:54.725523Z
  Time since last request: 0.000262792 seconds.
  importAddress: GUID: 4875ab3e749044d75b0ea78c971e979d - Path: Assets/Sounds/Kenney Audio/laserSmall_001.ogg - Importer: PreviewImporter
Importing 'GUID: 4875ab3e749044d75b0ea78c971e979d - Path: Assets/Sounds/Kenney Audio/laserSmall_001.ogg - Importer: PreviewImporter' with importer (PreviewImporter)
Imported 'GUID: 4875ab3e749044d75b0ea78c971e979d' -> (Import Result ID: '311a5166dbbcaca37e96393c0777aefc') in 0.003 seconds [static and dynamic dependencies]. Details - ImportResultOutputID=328745de2e73c5734fd0d4f8db63ede6 DependenciesID=3b8430c2b0fbe927c60e201be554fad5 StaticDependenciesID=8f6576d799ae6b0ab74635adcdac0b5b 
Number of updated asset objects reloaded before import = 0
Number of asset objects unloaded after import = 2
========================================================================
Received Import Request.
  Time of request: 2026-09-15T09:37:54.777057Z
  Time since last request: 0.042305791 seconds.
  importAddress: GUID: 1c38436b1630e46fab8d077e5ad5aaae - Path: Assets/Sounds/Kenney Audio/slime_000.ogg - Importer: PreviewImporter
Importing 'GUID: 1c38436b1630e46fab8d077e5ad5aaae - Path: Assets/Sounds/Kenney Audio/slime_000.ogg - Importer: PreviewImporter' with importer (PreviewImporter)
Imported 'GUID: 1c38436b1630e46fab8d077e5ad5aaae' -> (Import Result ID: 'eaaa88ac5c3358a9fa56acef8043a777') in 0.003 seconds [static and dynamic dependencies]. Details - ImportResultOutputID=78d5016663f163c9cb3b37bf8931179a DependenciesID=62c7ed0fdf0de4a13e80aa221e5ac300 StaticDependenciesID=b1224d8527239b8710b0951c842a7fa3 
Number of updated asset objects reloaded before import = 0
Number of asset objects unloaded after import = 2
========================================================================
Received Import Request.
  Time of request: 2026-09-15T09:37:54.786539Z
  Time since last request: 0.000271542 seconds.
  importAddress: GUID: 8b838db4c61c54bf4847c8836fa5d634 - Path: Assets/Sounds/Kenney Audio/spaceEngineLarge_001.ogg - Importer: PreviewImporter
Importing 'GUID: 8b838db4c61c54bf4847c8836fa5d634 - Path: Assets/Sounds/Kenney Audio/spaceEngineLarge_001.ogg - Importer: PreviewImporter' with importer (PreviewImporter)
Imported 'GUID: 8b838db4c61c54bf4847c8836fa5d634' -> (Import Result ID: 'ba3d2de17ab02d523687c7f490217214') in 0.003 seconds [static and dynamic dependencies]. Details - ImportResultOutputID=f099e5c24e33262db6767dd25bac2534 DependenciesID=d31328fabecd63b510ae9dd09da16b35 StaticDependenciesID=25b180ee00fdc6ff74bdf8a94ff63533 
Number of updated asset objects reloaded before import = 0
Number of asset objects unloaded after import = 2
========================================================================
Received Import Request.
  Time of request: 2026-09-15T09:37:54.79584Z
  Time since last request: 0.000226709 seconds.
  importAddress: GUID: 4052a266210334c11950a41a50997ef6 - Path: Assets/Sounds/Kenney Audio/spaceEngine_003.ogg - Importer: PreviewImporter
Importing 'GUID: 4052a266210334c11950a41a50997ef6 - Path: Assets/Sounds/Kenney Audio/spaceEngine_003.ogg - Importer: PreviewImporter' with importer (PreviewImporter)
Imported 'GUID: 4052a266210334c11950a41a50997ef6' -> (Import Result ID: 'f50757e683c5bddce28d8de91758474e') in 0.003 seconds [static and dynamic dependencies]. Details - ImportResultOutputID=6771e154d3edf0973cdcd626e2574ac1 DependenciesID=a495a041c0c5fc0e5f03f614890bd646 StaticDependenciesID=7239ca5046499d45a8a5f834547c390f 
Number of updated asset objects reloaded before import = 0
Number of asset objects unloaded after import = 2
========================================================================
Received Import Request.
  Time of request: 2026-09-15T09:37:54.805057Z
  Time since last request: 0.000291333 seconds.
  importAddress: GUID: 993b86edca0a14596ae5cc2be1f5c8ff - Path: Assets/Sounds/Kenney Audio/spaceEngineLarge_000.ogg - Importer: PreviewImporter
Importing 'GUID: 993b86edca0a14596ae5cc2be1f5c8ff - Path: Assets/Sounds/Kenney Audio/spaceEngineLarge_000.ogg - Importer: PreviewImporter' with importer (PreviewImporter)
Imported 'GUID: 993b86edca0a14596ae5cc2be1f5c8ff' -> (Import Result ID: '07b877ad25baf1bb43c2831bb5570d1c') in 0.003 seconds [static and dynamic dependencies]. Details - ImportResultOutputID=e1a43cfb0faf094db8f1a95c6b44ed72 DependenciesID=03886ce1755686a77c34c9f4440364de StaticDependenciesID=72ded28aaf8426e8f3b67394ab60cede 
Number of updated asset objects reloaded before import = 0
Number of asset objects unloaded after import = 2
========================================================================
Received Import Request.
  Time of request: 2026-09-15T09:37:54.814244Z
  Time since last request: 0.000226791 seconds.
  importAddress: GUID: a58e7122bfd5546128824f101b2861d7 - Path: Assets/Sounds/Kenney Audio/spaceEngine_002.ogg - Importer: PreviewImporter
Importing 'GUID: a58e7122bfd5546128824f101b2861d7 - Path: Assets/Sounds/Kenney Audio/spaceEngine_002.ogg - Importer: PreviewImporter' with importer (PreviewImporter)
Imported 'GUID: a58e7122bfd5546128824f101b2861d7' -> (Import Result ID: '385ab2c6ce1c11fbfac6721e6e3c448b') in 0.003 seconds [static and dynamic dependencies]. Details - ImportResultOutputID=df4a43e5b7e08df6820d1e5b8f00d3ed DependenciesID=3b725852169622fb012ea3660dfc77ed StaticDependenciesID=7a95143fb0ec8c2665cd3b444a8af44e 
Number of updated asset objects reloaded before import = 0
Number of asset objects unloaded after import = 2
========================================================================
Received Import Request.
  Time of request: 2026-09-15T09:38:08.355426Z
  Time since last request: 13.532041917 seconds.
  importAddress: GUID: a3ef09622aa3b409d80179288ab0de0b - Path: Assets/Sounds/Kenney Audio/spaceEngineLarge_003.ogg - Importer: PreviewImporter
Importing 'GUID: a3ef09622aa3b409d80179288ab0de0b - Path: Assets/Sounds/Kenney Audio/spaceEngineLarge_003.ogg - Importer: PreviewImporter' with importer (PreviewImporter)
Imported 'GUID: a3ef09622aa3b409d80179288ab0de0b' -> (Import Result ID: 'f7112a42fcbdc68bd8ffc02563a464b4') in 0.008 seconds [static and dynamic dependencies]. Details - ImportResultOutputID=d8b704bca0c76268d630ca941364559d DependenciesID=3dc26ab5733df580b31a67fd0d91baad StaticDependenciesID=afd1655b9fe338b4a0faee54ecd86423 
Number of updated asset objects reloaded before import = 0
Number of asset objects unloaded after import = 2
========================================================================
Received Import Request.
  Time of request: 2026-09-15T09:38:08.37208Z
  Time since last request: 0.000647417 seconds.
  importAddress: GUID: 9e9e7ad0b14d44e6597bd35f7f6d344c - Path: Assets/Sounds/Kenney Audio/spaceEngineLow_000.ogg - Importer: PreviewImporter
Importing 'GUID: 9e9e7ad0b14d44e6597bd35f7f6d344c - Path: Assets/Sounds/Kenney Audio/spaceEngineLow_000.ogg - Importer: PreviewImporter' with importer (PreviewImporter)
Imported 'GUID: 9e9e7ad0b14d44e6597bd35f7f6d344c' -> (Import Result ID: '1959f25171b7c8a46dc2a6559ae94906') in 0.003 seconds [static and dynamic dependencies]. Details - ImportResultOutputID=90e0b4a53b3eb7be86533afb1aaf1228 DependenciesID=b5be7777e09682a7e9c6fc1b010ebbe6 StaticDependenciesID=343ee5cbd642f0465169d1bfa9a45689 
Number of updated asset objects reloaded before import = 0
Number of asset objects unloaded after import = 2
========================================================================
Received Import Request.
  Time of request: 2026-09-15T09:38:08.381559Z
  Time since last request: 0.000285125 seconds.
  importAddress: GUID: 2d3831c4865ee4c97841c6f05f40152f - Path: Assets/Sounds/Kenney Audio/spaceEngineLow_003.ogg - Importer: PreviewImporter
Importing 'GUID: 2d3831c4865ee4c97841c6f05f40152f - Path: Assets/Sounds/Kenney Audio/spaceEngineLow_003.ogg - Importer: PreviewImporter' with importer (PreviewImporter)
Imported 'GUID: 2d3831c4865ee4c97841c6f05f40152f' -> (Import Result ID: 'e7f576b09f0e49457f72dd91ce135ec1') in 0.002 seconds [static and dynamic dependencies]. Details - ImportResultOutputID=1ac0519cc7e96105b65ff114f940cb6f DependenciesID=f526179627061058e9441c067fc23ab2 StaticDependenciesID=3bf7ce1244bd99361f7bdefcf0653786 
Number of updated asset objects reloaded before import = 0
Number of asset objects unloaded after import = 2
========================================================================
Received Import Request.
  Time of request: 2026-09-15T09:38:08.39071Z
  Time since last request: 0.000275625 seconds.
  importAddress: GUID: b69f2300f57f846f680cf47a7ba5df18 - Path: Assets/Sounds/Kenney Audio/spaceEngineLow_001.ogg - Importer: PreviewImporter
Importing 'GUID: b69f2300f57f846f680cf47a7ba5df18 - Path: Assets/Sounds/Kenney Audio/spaceEngineLow_001.ogg - Importer: PreviewImporter' with importer (PreviewImporter)
Imported 'GUID: b69f2300f57f846f680cf47a7ba5df18' -> (Import Result ID: '78bfc3887c045935f1de3f32e6f31a29') in 0.003 seconds [static and dynamic dependencies]. Details - ImportResultOutputID=2fca967ae2ff4da4af1aafe552c13b45 DependenciesID=b22e924ecb23b0d59223fe527a2ffb88 StaticDependenciesID=2aa30dd74ada09d0ae073ccc6f9941c2 
Number of updated asset objects reloaded before import = 0
Number of asset objects unloaded after import = 2
========================================================================
Received Import Request.
  Time of request: 2026-09-15T09:38:21.770952Z
  Time since last request: 13.371134334 seconds.
  importAddress: GUID: ed5e192c0bfdf4642a4a9f73deef76e3 - Path: Assets/Sounds/Kenney Audio/spaceEngineSmall_002.ogg - Importer: PreviewImporter
Importing 'GUID: ed5e192c0bfdf4642a4a9f73deef76e3 - Path: Assets/Sounds/Kenney Audio/spaceEngineSmall_002.ogg - Importer: PreviewImporter' with importer (PreviewImporter)
Imported 'GUID: ed5e192c0bfdf4642a4a9f73deef76e3' -> (Import Result ID: '2bb6cf39a9ceba53e812a007ed03eabe') in 0.009 seconds [static and dynamic dependencies]. Details - ImportResultOutputID=90e8ae697496190100725b773b3aba66 DependenciesID=146c845d9b2ffeb5228e99795969fd33 StaticDependenciesID=502dd8f15c1683b40edfc372f3398dbb 
Number of updated asset objects reloaded before import = 0
Number of asset objects unloaded after import = 2
========================================================================
Received Import Request.
  Time of request: 2026-09-15T09:38:21.787685Z
  Time since last request: 0.00065125 seconds.
  importAddress: GUID: e802a27e5a4004c7e934ecb928423425 - Path: Assets/Sounds/Kenney Audio/spaceEngineSmall_003.ogg - Importer: PreviewImporter
Importing 'GUID: e802a27e5a4004c7e934ecb928423425 - Path: Assets/Sounds/Kenney Audio/spaceEngineSmall_003.ogg - Importer: PreviewImporter' with importer (PreviewImporter)
Imported 'GUID: e802a27e5a4004c7e934ecb928423425' -> (Import Result ID: '9aea430a2e995d10691434caf6486721') in 0.002 seconds [static and dynamic dependencies]. Details - ImportResultOutputID=72d5432c43c704532f74a25029b2dec9 DependenciesID=88a936d7a2721aa420ce5e3316460d4d StaticDependenciesID=0de05125a690cdca39d4c83478a6eaa9 
Number of updated asset objects reloaded before import = 0
Number of asset objects unloaded after import = 2
========================================================================
Received Import Request.
  Time of request: 2026-09-15T09:38:21.796751Z
  Time since last request: 0.000271917 seconds.
  importAddress: GUID: acc63b68d5b0b4aaba8298fabe2ac62b - Path: Assets/Sounds/Kenney Audio/thrusterFire_000.ogg - Importer: PreviewImporter
Importing 'GUID: acc63b68d5b0b4aaba8298fabe2ac62b - Path: Assets/Sounds/Kenney Audio/thrusterFire_000.ogg - Importer: PreviewImporter' with importer (PreviewImporter)
Imported 'GUID: acc63b68d5b0b4aaba8298fabe2ac62b' -> (Import Result ID: 'cd2762b5794287bcca2de2bb320c5fd2') in 0.003 seconds [static and dynamic dependencies]. Details - ImportResultOutputID=594c8cb5fd4f09903a080a4c509767a7 DependenciesID=2bd98bd5e26e733cd6187f54ff5b134e StaticDependenciesID=5d72896ae76aa288c8d5d326b2d4e07b 
Number of updated asset objects reloaded before import = 0
Number of asset objects unloaded after import = 2
========================================================================
Received Import Request.
  Time of request: 2026-09-15T09:38:21.80577Z
  Time since last request: 0.000401125 seconds.
  importAddress: GUID: 3d9159efd48bd40e3a5c59d29f3f4812 - Path: Assets/Sounds/Kenney Audio/spaceEngineSmall_004.ogg - Importer: PreviewImporter
Importing 'GUID: 3d9159efd48bd40e3a5c59d29f3f4812 - Path: Assets/Sounds/Kenney Audio/spaceEngineSmall_004.ogg - Importer: PreviewImporter' with importer (PreviewImporter)
Imported 'GUID: 3d9159efd48bd40e3a5c59d29f3f4812' -> (Import Result ID: '6947e5430f0abb849406347bbe41d321') in 0.003 seconds [static and dynamic dependencies]. Details - ImportResultOutputID=7079b2e02e5942936c87ba3f06698c4a DependenciesID=57e96f1411953fad8dd2e8cc2b4d80de StaticDependenciesID=f0642626232c85e38f564a8620f74ebe 
Number of updated asset objects reloaded before import = 0
Number of asset objects unloaded after import = 2
========================================================================
Received Import Request.
  Time of request: 2026-09-15T09:38:21.814382Z
  Time since last request: 0.000223875 seconds.
  importAddress: GUID: dd727c6b8bc4644b88b0b7c9d883e5d6 - Path: Assets/Sounds/Kenney Audio/thrusterFire_002.ogg - Importer: PreviewImporter
Importing 'GUID: dd727c6b8bc4644b88b0b7c9d883e5d6 - Path: Assets/Sounds/Kenney Audio/thrusterFire_002.ogg - Importer: PreviewImporter' with importer (PreviewImporter)
Imported 'GUID: dd727c6b8bc4644b88b0b7c9d883e5d6' -> (Import Result ID: '59debe94a6027159da356e48931cfcd6') in 0.003 seconds [static and dynamic dependencies]. Details - ImportResultOutputID=d840b1981b8a2a6ab29dba9b0eb02b05 DependenciesID=bbc5d2143e40ef1bc0873afd27a90d85 StaticDependenciesID=f67902187296f49a2256dadc71eba9f8 
Number of updated asset objects reloaded before import = 0
Number of asset objects unloaded after import = 2
========================================================================
Received Prepare
AcceleratorClientConnectionCallback - disconnected - :0
WARNING: Shader Unsupported: 'Universal Render Pipeline/VR/SpatialMapping/Wireframe' - All subshaders removed
WARNING: Shader Did you use #pragma only_renderers and omit this platform?
WARNING: Shader If subshaders removal was intentional, you may have forgotten turning Fallback off?
Shader Hidden/ChartRasterizerHardware is not supported: GPU does not support conservative rasterization
Unloading 80 Unused Serialized files (Serialized files now loaded: 0)
Unloading 80 unused Assets / (5.9 MB). Loaded Objects now: 8069.
Memory consumption went from 185.9 MB to 179.9 MB.
Total: 7.508333 ms (FindLiveObjects: 0.198750 ms CreateObjectMapping: 0.443500 ms MarkObjects: 5.393375 ms  DeleteObjects: 1.472375 ms)

Prepare: number of updated asset objects reloaded= 0
========================================================================
Received Prepare
AcceleratorClientConnectionCallback - disconnected - :0
WARNING: Shader Unsupported: 'Universal Render Pipeline/VR/SpatialMapping/Wireframe' - All subshaders removed
WARNING: Shader Did you use #pragma only_renderers and omit this platform?
WARNING: Shader If subshaders removal was intentional, you may have forgotten turning Fallback off?
Shader Hidden/ChartRasterizerHardware is not supported: GPU does not support conservative rasterization
Unloading 80 Unused Serialized files (Serialized files now loaded: 0)
Unloading 80 unused Assets / (5.9 MB). Loaded Objects now: 8069.
Memory consumption went from 185.8 MB to 179.9 MB.
Total: 7.579875 ms (FindLiveObjects: 0.192291 ms CreateObjectMapping: 0.443417 ms MarkObjects: 5.477917 ms  DeleteObjects: 1.465791 ms)

Prepare: number of updated asset objects reloaded= 0
========================================================================
Received Import Request.
  Time of request: 2026-09-15T09:40:38.235889Z
  Time since last request: 136.41234366699999 seconds.
  importAddress: GUID: 4265f5cea8b9043318b21fb4bcc447ed - Path: Assets/Prefabs/Food.prefab - Importer: PreviewImporter
Importing 'GUID: 4265f5cea8b9043318b21fb4bcc447ed - Path: Assets/Prefabs/Food.prefab - Importer: PreviewImporter' with importer (PreviewImporter)
Imported 'GUID: 4265f5cea8b9043318b21fb4bcc447ed' -> (Import Result ID: '24e215d5ddad9a7b1c4d4041198acaae') in 0.160 seconds [static and dynamic dependencies]. Details - ImportResultOutputID=942b378253e3af1374ab3c715b4f3f50 DependenciesID=9beb83878acdd5d430327a9d1562b00a StaticDependenciesID=bcb99d336798934205de6cde41de1254 
Number of updated asset objects reloaded before import = 0
Number of asset objects unloaded after import = 11
========================================================================
Received Prepare
AcceleratorClientConnectionCallback - disconnected - :0
WARNING: Shader Unsupported: 'Universal Render Pipeline/VR/SpatialMapping/Wireframe' - All subshaders removed
WARNING: Shader Did you use #pragma only_renderers and omit this platform?
WARNING: Shader If subshaders removal was intentional, you may have forgotten turning Fallback off?
Shader Hidden/ChartRasterizerHardware is not supported: GPU does not support conservative rasterization
Unloading 80 Unused Serialized files (Serialized files now loaded: 0)
Unloading 80 unused Assets / (5.9 MB). Loaded Objects now: 8160.
Memory consumption went from 188.2 MB to 182.3 MB.
Total: 7.786333 ms (FindLiveObjects: 0.158000 ms CreateObjectMapping: 0.373292 ms MarkObjects: 5.912625 ms  DeleteObjects: 1.342166 ms)

Prepare: number of updated asset objects reloaded= 0
========================================================================
Received Import Request.
  Time of request: 2026-09-15T10:46:37.381291Z
  Time since last request: 3959.00889450000022 seconds.
  importAddress: GUID: 5a5094b3cd2f74809b33c959cb718e63 - Path: Assets/sprites/Harpoon.png - Importer: PreviewImporter
Importing 'GUID: 5a5094b3cd2f74809b33c959cb718e63 - Path: Assets/sprites/Harpoon.png - Importer: PreviewImporter' with importer (PreviewImporter)
Imported 'GUID: 5a5094b3cd2f74809b33c959cb718e63' -> (Import Result ID: '5c06dd94ee7e6651d1017678cef44969') in 0.018 seconds [static and dynamic dependencies]. Details - ImportResultOutputID=179d81e05388eb1c613e7549e8923a0b DependenciesID=aa240e5e386e4dcac85deabe527563af StaticDependenciesID=2fac591ac7572ea5837a7c39e00d9158 
Number of updated asset objects reloaded before import = 0
Number of asset objects unloaded after import = 3
========================================================================
Received Import Request.
  Time of request: 2026-09-15T10:47:04.233663Z
  Time since last request: 26.827946125 seconds.
  importAddress: GUID: af73899d5803d99448134360f184f348 - Path: Packages/com.unity.2d.animation/Editor/Assets/EditorIcons/Selected/Weight_Slider@3x.png - Importer: PreviewImporter
Importing 'GUID: af73899d5803d99448134360f184f348 - Path: Packages/com.unity.2d.animation/Editor/Assets/EditorIcons/Selected/Weight_Slider@3x.png - Importer: PreviewImporter' with importer (PreviewImporter)
Imported 'GUID: af73899d5803d99448134360f184f348' -> (Import Result ID: '38fff6162f56909b7fbe4388a56c10d2') in 0.008 seconds [static and dynamic dependencies]. Details - ImportResultOutputID=4f6d119e44ffc8d53299403205ec5163 DependenciesID=6bd02e5c312b00455a3a8a2f3fbc89b7 StaticDependenciesID=153c792ca348e5b3cc613fda1409e8f0 
Number of updated asset objects reloaded before import = 0
Number of asset objects unloaded after import = 3
========================================================================
Received Import Request.
  Time of request: 2026-09-15T10:47:04.247967Z
  Time since last request: 0.000250666 seconds.
  importAddress: GUID: 4e494ad3b858ecf4fab63aae9075d43d - Path: Packages/com.unity.2d.animation/Editor/Assets/EditorIcons/Light/Weight_Slider@4x.png - Importer: PreviewImporter
Importing 'GUID: 4e494ad3b858ecf4fab63aae9075d43d - Path: Packages/com.unity.2d.animation/Editor/Assets/EditorIcons/Light/Weight_Slider@4x.png - Importer: PreviewImporter' with importer (PreviewImporter)
Imported 'GUID: 4e494ad3b858ecf4fab63aae9075d43d' -> (Import Result ID: 'd3f47841757a9099ff808a36f1601405') in 0.004 seconds [static and dynamic dependencies]. Details - ImportResultOutputID=86a2cc4bd9334718bc8ad310f24f3129 DependenciesID=c39553d824082098bcaf4650dcf27e04 StaticDependenciesID=97a9308e599b567394e3e5a7c7696219 
Number of updated asset objects reloaded before import = 0
Number of asset objects unloaded after import = 3
========================================================================
Received Prepare
AcceleratorClientConnectionCallback - disconnected - :0
WARNING: Shader Unsupported: 'Universal Render Pipeline/VR/SpatialMapping/Wireframe' - All subshaders removed
WARNING: Shader Did you use #pragma only_renderers and omit this platform?
WARNING: Shader If subshaders removal was intentional, you may have forgotten turning Fallback off?
Shader Hidden/ChartRasterizerHardware is not supported: GPU does not support conservative rasterization
Unloading 80 Unused Serialized files (Serialized files now loaded: 0)
Unloading 80 unused Assets / (5.9 MB). Loaded Objects now: 8169.
Memory consumption went from 188.0 MB to 182.1 MB.
Total: 7.375583 ms (FindLiveObjects: 0.197250 ms CreateObjectMapping: 0.450625 ms MarkObjects: 5.399709 ms  DeleteObjects: 1.327792 ms)

Prepare: number of updated asset objects reloaded= 0
========================================================================
Received Import Request.
  Time of request: 2026-09-15T10:53:47.182226Z
  Time since last request: 402.92387012500001 seconds.
  importAddress: GUID: c07475be16e5e4093a78d5271ca3abfd - Path: Packages/com.unity.2d.animation/Editor/Assets/ComponentIcons/d_Animation.SpriteLibraryManager@32.png - Importer: PreviewImporter
Importing 'GUID: c07475be16e5e4093a78d5271ca3abfd - Path: Packages/com.unity.2d.animation/Editor/Assets/ComponentIcons/d_Animation.SpriteLibraryManager@32.png - Importer: PreviewImporter' with importer (PreviewImporter)
Imported 'GUID: c07475be16e5e4093a78d5271ca3abfd' -> (Import Result ID: '977b25375f4a5b9a390da3d17d45f6a1') in 0.009 seconds [static and dynamic dependencies]. Details - ImportResultOutputID=9e42eab08a1dee11647ce241e04dcfc6 DependenciesID=0c78d9b1458fbd36a0eb42ccc3ee16d7 StaticDependenciesID=e0d6d6e8208ff590824f32ea99c37b73 
Number of updated asset objects reloaded before import = 0
Number of asset objects unloaded after import = 3
========================================================================
Received Import Request.
  Time of request: 2026-09-15T10:53:47.197643Z
  Time since last request: 0.000387542 seconds.
  importAddress: GUID: fc88c9e07aafe4904bd795a8dfa811f2 - Path: Packages/com.unity.2d.animation/Editor/Assets/ComponentIcons/d_Animation.SpriteLibraryManager@128.png - Importer: PreviewImporter
Importing 'GUID: fc88c9e07aafe4904bd795a8dfa811f2 - Path: Packages/com.unity.2d.animation/Editor/Assets/ComponentIcons/d_Animation.SpriteLibraryManager@128.png - Importer: PreviewImporter' with importer (PreviewImporter)
Imported 'GUID: fc88c9e07aafe4904bd795a8dfa811f2' -> (Import Result ID: 'e1a672b54f90de000325b2d6bdd99497') in 0.004 seconds [static and dynamic dependencies]. Details - ImportResultOutputID=8fa57891a97017cb16644645c76f4b64 DependenciesID=da91832267b656f59308f6e8af5286c6 StaticDependenciesID=4f540d29575b9356f71c8c8930ac091a 
Number of updated asset objects reloaded before import = 0
Number of asset objects unloaded after import = 3
========================================================================
Received Import Request.
  Time of request: 2026-09-15T10:53:47.20815Z
  Time since last request: 0.000221292 seconds.
  importAddress: GUID: cf27adadd6b1f42eebc0e8ab8f0d091d - Path: Packages/com.unity.2d.animation/Editor/Assets/ComponentIcons/d_Animation.SpriteLibraryManager@256.png - Importer: PreviewImporter
Importing 'GUID: cf27adadd6b1f42eebc0e8ab8f0d091d - Path: Packages/com.unity.2d.animation/Editor/Assets/ComponentIcons/d_Animation.SpriteLibraryManager@256.png - Importer: PreviewImporter' with importer (PreviewImporter)
Imported 'GUID: cf27adadd6b1f42eebc0e8ab8f0d091d' -> (Import Result ID: '61c69193ff112bf52a94c2c2eaacad69') in 0.004 seconds [static and dynamic dependencies]. Details - ImportResultOutputID=d6660ca33824ecf1cbc12d969a578d9c DependenciesID=44435a5dc4fd92c7542f6b440ce32dcd StaticDependenciesID=3ade3ad5cbb5b24169f74f7489b5450c 
Number of updated asset objects reloaded before import = 0
Number of asset objects unloaded after import = 3
========================================================================
Received Prepare
AcceleratorClientConnectionCallback - disconnected - :0
WARNING: Shader Unsupported: 'Universal Render Pipeline/VR/SpatialMapping/Wireframe' - All subshaders removed
WARNING: Shader Did you use #pragma only_renderers and omit this platform?
WARNING: Shader If subshaders removal was intentional, you may have forgotten turning Fallback off?
Shader Hidden/ChartRasterizerHardware is not supported: GPU does not support conservative rasterization
Unloading 80 Unused Serialized files (Serialized files now loaded: 0)
Unloading 80 unused Assets / (5.9 MB). Loaded Objects now: 8169.
Memory consumption went from 187.6 MB to 181.6 MB.
Total: 7.331291 ms (FindLiveObjects: 0.201625 ms CreateObjectMapping: 0.450208 ms MarkObjects: 5.330584 ms  DeleteObjects: 1.348625 ms)

Prepare: number of updated asset objects reloaded= 0
========================================================================
Received Prepare
AcceleratorClientConnectionCallback - disconnected - :0
WARNING: Shader Unsupported: 'Universal Render Pipeline/VR/SpatialMapping/Wireframe' - All subshaders removed
WARNING: Shader Did you use #pragma only_renderers and omit this platform?
WARNING: Shader If subshaders removal was intentional, you may have forgotten turning Fallback off?
Shader Hidden/ChartRasterizerHardware is not supported: GPU does not support conservative rasterization
Unloading 80 Unused Serialized files (Serialized files now loaded: 0)
Unloading 80 unused Assets / (5.9 MB). Loaded Objects now: 8169.
Memory consumption went from 187.2 MB to 181.2 MB.
Total: 6.911209 ms (FindLiveObjects: 0.200167 ms CreateObjectMapping: 0.431833 ms MarkObjects: 4.926125 ms  DeleteObjects: 1.352917 ms)

Prepare: number of updated asset objects reloaded= 0
========================================================================
Received Prepare
AcceleratorClientConnectionCallback - disconnected - :0
WARNING: Shader Unsupported: 'Universal Render Pipeline/VR/SpatialMapping/Wireframe' - All subshaders removed
WARNING: Shader Did you use #pragma only_renderers and omit this platform?
WARNING: Shader If subshaders removal was intentional, you may have forgotten turning Fallback off?
Shader Hidden/ChartRasterizerHardware is not supported: GPU does not support conservative rasterization
Unloading 80 Unused Serialized files (Serialized files now loaded: 0)
Unloading 80 unused Assets / (5.9 MB). Loaded Objects now: 8169.
Memory consumption went from 186.7 MB to 180.7 MB.
Total: 7.270500 ms (FindLiveObjects: 0.207625 ms CreateObjectMapping: 0.449459 ms MarkObjects: 5.092791 ms  DeleteObjects: 1.520250 ms)

Prepare: number of updated asset objects reloaded= 0
========================================================================
Received Import Request.
  Time of request: 2026-09-15T10:56:20.831938Z
  Time since last request: 153.61319158399999 seconds.
  importAddress: GUID: 64dfd9e26d1ea4667864eeff39479564 - Path: Assets/Sounds/yodguard-spear_thrust-1-382402.mp3 - Importer: PreviewImporter
Importing 'GUID: 64dfd9e26d1ea4667864eeff39479564 - Path: Assets/Sounds/yodguard-spear_thrust-1-382402.mp3 - Importer: PreviewImporter' with importer (PreviewImporter)
Imported 'GUID: 64dfd9e26d1ea4667864eeff39479564' -> (Import Result ID: 'add65cd3793f31c516d91ef1ccddb8db') in 0.008 seconds [static and dynamic dependencies]. Details - ImportResultOutputID=da10bf5720fcd27093b7daca48a26b23 DependenciesID=8ff67d2cd7b6c701f46c27ee8575408b StaticDependenciesID=37aa33149b03a39cee67e2287856fc69 
Number of updated asset objects reloaded before import = 0
Number of asset objects unloaded after import = 2
========================================================================
Received Prepare
AcceleratorClientConnectionCallback - disconnected - :0
[Licensing::Client] Successfully resolved entitlement details
Begin MonoManager ReloadAssembly
Thread 0x31cd87000 may have been prematurely finalized
Native extension for OSXStandalone target not found
[Package Manager] Failed to launch server process. Reason: Unity was launched with the -noUpm command-line argument
[Package Manager] Unable to send message (not connected to server process).
[Package Manager] Cannot connect to Unity Package Manager local server
[Package Manager] Failed to launch server process. Reason: Unity was launched with the -noUpm command-line argument
[Package Manager] Unable to send message (not connected to server process).
[Package Manager] Cannot connect to Unity Package Manager local server
ScheduleIndexationOnStartup MainProcess:False IndexOnStartup:True
Mono: successfully reloaded assembly
- Finished resetting the current domain, in  0.475 seconds
Domain Reload Profiling: 934ms
	BeginReloadAssembly (125ms)
		DisableScriptedObjects (12ms)
		CreateAndSetChildDomain (46ms)
	RebuildCommonClasses (5ms)
	RebuildNativeTypeToScriptingClass (9ms)
	initialDomainReloadingComplete (19ms)
	LoadAllAssembliesAndSetupDomain (300ms)
		LoadAssemblies (143ms)
		AnalyzeDomain (117ms)
			TypeCache.Refresh (7ms)
			BuildScriptInfoCaches (104ms)
			ResolveRequiredComponents (4ms)
	FinalizeReload (475ms)
		SetupLoadedEditorAssemblies (0ms)
			BeforeProcessingInitializeOnLoad (50ms)
			ProcessInitializeOnLoadAttributes (229ms)
			ProcessInitializeOnLoadMethodAttributes (65ms)
		AwakeInstancesAfterBackupRestoration (10ms)
WARNING: Shader Unsupported: 'Universal Render Pipeline/VR/SpatialMapping/Wireframe' - All subshaders removed
WARNING: Shader Did you use #pragma only_renderers and omit this platform?
WARNING: Shader If subshaders removal was intentional, you may have forgotten turning Fallback off?
Shader Hidden/ChartRasterizerHardware is not supported: GPU does not support conservative rasterization
Unloading 80 Unused Serialized files (Serialized files now loaded: 0)
Unloading 7218 unused Assets / (12.6 MB). Loaded Objects now: 8099.
Memory consumption went from 202.1 MB to 189.5 MB.
Total: 10.351375 ms (FindLiveObjects: 0.362583 ms CreateObjectMapping: 1.281500 ms MarkObjects: 4.161750 ms  DeleteObjects: 4.545166 ms)

Prepare: number of updated asset objects reloaded= 0
========================================================================
Received Prepare
AcceleratorClientConnectionCallback - disconnected - :0
WARNING: Shader Unsupported: 'Universal Render Pipeline/VR/SpatialMapping/Wireframe' - All subshaders removed
WARNING: Shader Did you use #pragma only_renderers and omit this platform?
WARNING: Shader If subshaders removal was intentional, you may have forgotten turning Fallback off?
Shader Hidden/ChartRasterizerHardware is not supported: GPU does not support conservative rasterization
Unloading 80 Unused Serialized files (Serialized files now loaded: 0)
Unloading 80 unused Assets / (5.9 MB). Loaded Objects now: 8099.
Memory consumption went from 185.6 MB to 179.7 MB.
Total: 6.151041 ms (FindLiveObjects: 0.172667 ms CreateObjectMapping: 0.408542 ms MarkObjects: 4.230000 ms  DeleteObjects: 1.339666 ms)

Prepare: number of updated asset objects reloaded= 0
========================================================================
Received Prepare
AcceleratorClientConnectionCallback - disconnected - :0
WARNING: Shader Unsupported: 'Universal Render Pipeline/VR/SpatialMapping/Wireframe' - All subshaders removed
WARNING: Shader Did you use #pragma only_renderers and omit this platform?
WARNING: Shader If subshaders removal was intentional, you may have forgotten turning Fallback off?
Shader Hidden/ChartRasterizerHardware is not supported: GPU does not support conservative rasterization
Unloading 80 Unused Serialized files (Serialized files now loaded: 0)
Unloading 80 unused Assets / (5.9 MB). Loaded Objects now: 8099.
Memory consumption went from 185.6 MB to 179.7 MB.
Total: 6.379750 ms (FindLiveObjects: 0.203125 ms CreateObjectMapping: 0.450833 ms MarkObjects: 4.200042 ms  DeleteObjects: 1.525416 ms)

Prepare: number of updated asset objects reloaded= 0
========================================================================
Received Prepare
AcceleratorClientConnectionCallback - disconnected - :0
WARNING: Shader Unsupported: 'Universal Render Pipeline/VR/SpatialMapping/Wireframe' - All subshaders removed
WARNING: Shader Did you use #pragma only_renderers and omit this platform?
WARNING: Shader If subshaders removal was intentional, you may have forgotten turning Fallback off?
Shader Hidden/ChartRasterizerHardware is not supported: GPU does not support conservative rasterization
Unloading 80 Unused Serialized files (Serialized files now loaded: 0)
Unloading 80 unused Assets / (5.9 MB). Loaded Objects now: 8099.
Memory consumption went from 185.6 MB to 179.7 MB.
Total: 6.269750 ms (FindLiveObjects: 0.199083 ms CreateObjectMapping: 0.472459 ms MarkObjects: 4.210291 ms  DeleteObjects: 1.387583 ms)

Prepare: number of updated asset objects reloaded= 0
========================================================================
Received Import Request.
  Time of request: 2026-09-15T11:04:50.054735Z
  Time since last request: 509.19272229199998 seconds.
  importAddress: GUID: b39909834b9b14e348edc9d508dbcf89 - Path: Assets/Inputs/GameControls.inputactions - Importer: PreviewImporter
Importing 'GUID: b39909834b9b14e348edc9d508dbcf89 - Path: Assets/Inputs/GameControls.inputactions - Importer: PreviewImporter' with importer (PreviewImporter)
Imported 'GUID: b39909834b9b14e348edc9d508dbcf89' -> (Import Result ID: '7a8b47d8bd76a11115d603472c2852b1') in 0.010 seconds [static and dynamic dependencies]. Details - ImportResultOutputID=7cecfcc7b34f1adde260c7b6426a39cd DependenciesID=0159d720bb7250da1b496b96bd8005dd StaticDependenciesID=3cbbe92c29a9c01c2f23b6b891530862 
Number of updated asset objects reloaded before import = 0
Number of asset objects unloaded after import = 4
========================================================================
Received Import Request.
  Time of request: 2026-09-15T11:13:50.285125Z
  Time since last request: 540.21028266600001 seconds.
  importAddress: GUID: 59dcabc40febc478da9d8d2e073e3fff - Path: Assets/Scripts/FishermanController.cs - Importer: ScriptedImporter/UnityEditor.QuickSearchModule:UnityEditor.Search:ASIAI0B
Importing 'GUID: 59dcabc40febc478da9d8d2e073e3fff - Path: Assets/Scripts/FishermanController.cs - Importer: ScriptedImporter/UnityEditor.QuickSearchModule:UnityEditor.Search:ASIAI0B' with importer (ScriptedImporter : UnityEditor.QuickSearchModule:UnityEditor.Search:ASIAI0B)
Imported 'GUID: 59dcabc40febc478da9d8d2e073e3fff' -> (Import Result ID: '34ba823cb9045784b68fc1597e62bc87') in 0.027 seconds [static and dynamic dependencies]. Details - ImportResultOutputID=e8ff9ab2155809f46f0b9d598b0fec86 DependenciesID=da8b418666e329c6780e4ecca37940f7 StaticDependenciesID=17ac6d33b0d788b2a17bcd5684c60d11 
Number of updated asset objects reloaded before import = 0
Number of asset objects unloaded after import = 0
========================================================================
Received Prepare
AcceleratorClientConnectionCallback - disconnected - :0
WARNING: Shader Unsupported: 'Universal Render Pipeline/VR/SpatialMapping/Wireframe' - All subshaders removed
WARNING: Shader Did you use #pragma only_renderers and omit this platform?
WARNING: Shader If subshaders removal was intentional, you may have forgotten turning Fallback off?
Shader Hidden/ChartRasterizerHardware is not supported: GPU does not support conservative rasterization
Unloading 80 Unused Serialized files (Serialized files now loaded: 0)
Unloading 7204 unused Assets / (11.9 MB). Loaded Objects now: 8100.
Memory consumption went from 189.7 MB to 177.8 MB.
Total: 10.160250 ms (FindLiveObjects: 0.330291 ms CreateObjectMapping: 1.243709 ms MarkObjects: 4.529875 ms  DeleteObjects: 4.056042 ms)

Prepare: number of updated asset objects reloaded= 0
========================================================================
Received Prepare
AcceleratorClientConnectionCallback - disconnected - :0
[Licensing::Client] Successfully resolved entitlement details
Begin MonoManager ReloadAssembly
Thread 0x31cd87000 may have been prematurely finalized
Native extension for OSXStandalone target not found
[Package Manager] Failed to launch server process. Reason: Unity was launched with the -noUpm command-line argument
[Package Manager] Unable to send message (not connected to server process).
[Package Manager] Cannot connect to Unity Package Manager local server
[Package Manager] Failed to launch server process. Reason: Unity was launched with the -noUpm command-line argument
[Package Manager] Unable to send message (not connected to server process).
[Package Manager] Cannot connect to Unity Package Manager local server
ScheduleIndexationOnStartup MainProcess:False IndexOnStartup:True
Mono: successfully reloaded assembly
- Finished resetting the current domain, in  0.407 seconds
Domain Reload Profiling: 859ms
	BeginReloadAssembly (113ms)
		DisableScriptedObjects (6ms)
		CreateAndSetChildDomain (42ms)
	RebuildCommonClasses (5ms)
	RebuildNativeTypeToScriptingClass (10ms)
	initialDomainReloadingComplete (21ms)
	LoadAllAssembliesAndSetupDomain (303ms)
		LoadAssemblies (146ms)
		AnalyzeDomain (118ms)
			TypeCache.Refresh (7ms)
			BuildScriptInfoCaches (106ms)
			ResolveRequiredComponents (4ms)
	FinalizeReload (407ms)
		SetupLoadedEditorAssemblies (0ms)
			BeforeProcessingInitializeOnLoad (46ms)
			ProcessInitializeOnLoadAttributes (192ms)
			ProcessInitializeOnLoadMethodAttributes (55ms)
		AwakeInstancesAfterBackupRestoration (8ms)
WARNING: Shader Unsupported: 'Universal Render Pipeline/VR/SpatialMapping/Wireframe' - All subshaders removed
WARNING: Shader Did you use #pragma only_renderers and omit this platform?
WARNING: Shader If subshaders removal was intentional, you may have forgotten turning Fallback off?
Shader Hidden/ChartRasterizerHardware is not supported: GPU does not support conservative rasterization
Unloading 80 Unused Serialized files (Serialized files now loaded: 0)
Unloading 7219 unused Assets / (12.1 MB). Loaded Objects now: 8103.
Memory consumption went from 202.1 MB to 190.0 MB.
Total: 8.580458 ms (FindLiveObjects: 0.339958 ms CreateObjectMapping: 1.381417 ms MarkObjects: 3.664709 ms  DeleteObjects: 3.194000 ms)

Prepare: number of updated asset objects reloaded= 0
========================================================================
Received Import Request.
  Time of request: 2026-09-15T11:13:59.189014Z
  Time since last request: 8.869321 seconds.
  importAddress: GUID: c409775225b004f55bb58bb722145b1b - Path: Assets/Scripts/GamepadAssignment.cs - Importer: PreviewImporter
Importing 'GUID: c409775225b004f55bb58bb722145b1b - Path: Assets/Scripts/GamepadAssignment.cs - Importer: PreviewImporter' with importer (PreviewImporter)
Imported 'GUID: c409775225b004f55bb58bb722145b1b' -> (Import Result ID: 'b352d3e8a49354fb5b5bab1e36344100') in 0.000 seconds [static and dynamic dependencies]. Details - ImportResultOutputID=97c20a39ac2b766434256a033f1c5920 DependenciesID=16c6781fc00e0f4c984e70bd17a7ef80 StaticDependenciesID=efc031c71519b65e4e4f4c09dd4aaad0 
Number of updated asset objects reloaded before import = 0
Number of asset objects unloaded after import = 0
========================================================================
Received Prepare
AcceleratorClientConnectionCallback - disconnected - :0
WARNING: Shader Unsupported: 'Universal Render Pipeline/VR/SpatialMapping/Wireframe' - All subshaders removed
WARNING: Shader Did you use #pragma only_renderers and omit this platform?
WARNING: Shader If subshaders removal was intentional, you may have forgotten turning Fallback off?
Shader Hidden/ChartRasterizerHardware is not supported: GPU does not support conservative rasterization
Unloading 80 Unused Serialized files (Serialized files now loaded: 0)
Unloading 7204 unused Assets / (12.0 MB). Loaded Objects now: 8103.
Memory consumption went from 189.9 MB to 177.8 MB.
Total: 9.169042 ms (FindLiveObjects: 0.348542 ms CreateObjectMapping: 1.265333 ms MarkObjects: 3.800542 ms  DeleteObjects: 3.754209 ms)

Prepare: number of updated asset objects reloaded= 0
========================================================================
Received Import Request.
  Time of request: 2026-09-15T11:14:06.132904Z
  Time since last request: 6.936683125 seconds.
  importAddress: GUID: c409775225b004f55bb58bb722145b1b - Path: Assets/Scripts/ControllerAssignment.cs - Importer: PreviewImporter
Importing 'GUID: c409775225b004f55bb58bb722145b1b - Path: Assets/Scripts/ControllerAssignment.cs - Importer: PreviewImporter' with importer (PreviewImporter)
Imported 'GUID: c409775225b004f55bb58bb722145b1b' -> (Import Result ID: '232bf596423fcd87da0f3399d5861155') in 0.000 seconds [static and dynamic dependencies]. Details - ImportResultOutputID=97c20a39ac2b766434256a033f1c5920 DependenciesID=bc28d165dbf5fa547861922b2ef2e085 StaticDependenciesID=49d616cb06c5203c0f761f4230075fa1 
Number of updated asset objects reloaded before import = 0
Number of asset objects unloaded after import = 0
========================================================================
Received Import Request.
  Time of request: 2026-09-15T11:14:06.140531Z
  Time since last request: 0.00072625 seconds.
  importAddress: GUID: c409775225b004f55bb58bb722145b1b - Path: Assets/Scripts/ControllerAssignment.cs - Importer: PreviewImporter
Importing 'GUID: c409775225b004f55bb58bb722145b1b - Path: Assets/Scripts/ControllerAssignment.cs - Importer: PreviewImporter' with importer (PreviewImporter)
Imported 'GUID: c409775225b004f55bb58bb722145b1b' -> (Import Result ID: '232bf596423fcd87da0f3399d5861155') in 0.000 seconds [static and dynamic dependencies]. Details - ImportResultOutputID=97c20a39ac2b766434256a033f1c5920 DependenciesID=bc28d165dbf5fa547861922b2ef2e085 StaticDependenciesID=49d616cb06c5203c0f761f4230075fa1 
Number of updated asset objects reloaded before import = 0
Number of asset objects unloaded after import = 0
========================================================================
Received Import Request.
  Time of request: 2026-09-15T11:14:06.148518Z
  Time since last request: 0.001186208 seconds.
  importAddress: GUID: c409775225b004f55bb58bb722145b1b - Path: Assets/Scripts/ControllerAssignment.cs - Importer: PreviewImporter
Importing 'GUID: c409775225b004f55bb58bb722145b1b - Path: Assets/Scripts/ControllerAssignment.cs - Importer: PreviewImporter' with importer (PreviewImporter)
Imported 'GUID: c409775225b004f55bb58bb722145b1b' -> (Import Result ID: '232bf596423fcd87da0f3399d5861155') in 0.000 seconds [static and dynamic dependencies]. Details - ImportResultOutputID=97c20a39ac2b766434256a033f1c5920 DependenciesID=bc28d165dbf5fa547861922b2ef2e085 StaticDependenciesID=49d616cb06c5203c0f761f4230075fa1 
Number of updated asset objects reloaded before import = 0
Number of asset objects unloaded after import = 0
========================================================================
Received Import Request.
  Time of request: 2026-09-15T11:14:06.156607Z
  Time since last request: 0.0011975 seconds.
  importAddress: GUID: c409775225b004f55bb58bb722145b1b - Path: Assets/Scripts/ControllerAssignment.cs - Importer: PreviewImporter
Importing 'GUID: c409775225b004f55bb58bb722145b1b - Path: Assets/Scripts/ControllerAssignment.cs - Importer: PreviewImporter' with importer (PreviewImporter)
Imported 'GUID: c409775225b004f55bb58bb722145b1b' -> (Import Result ID: '232bf596423fcd87da0f3399d5861155') in 0.000 seconds [static and dynamic dependencies]. Details - ImportResultOutputID=97c20a39ac2b766434256a033f1c5920 DependenciesID=bc28d165dbf5fa547861922b2ef2e085 StaticDependenciesID=49d616cb06c5203c0f761f4230075fa1 
Number of updated asset objects reloaded before import = 0
Number of asset objects unloaded after import = 0
========================================================================
Received Import Request.
  Time of request: 2026-09-15T11:14:06.16501Z
  Time since last request: 0.001522375 seconds.
  importAddress: GUID: c409775225b004f55bb58bb722145b1b - Path: Assets/Scripts/ControllerAssignment.cs - Importer: PreviewImporter
Importing 'GUID: c409775225b004f55bb58bb722145b1b - Path: Assets/Scripts/ControllerAssignment.cs - Importer: PreviewImporter' with importer (PreviewImporter)
Imported 'GUID: c409775225b004f55bb58bb722145b1b' -> (Import Result ID: '232bf596423fcd87da0f3399d5861155') in 0.000 seconds [static and dynamic dependencies]. Details - ImportResultOutputID=97c20a39ac2b766434256a033f1c5920 DependenciesID=bc28d165dbf5fa547861922b2ef2e085 StaticDependenciesID=49d616cb06c5203c0f761f4230075fa1 
Number of updated asset objects reloaded before import = 0
Number of asset objects unloaded after import = 0
========================================================================
Received Prepare
AcceleratorClientConnectionCallback - disconnected - :0
Begin MonoManager ReloadAssembly
Thread 0x310497000 may have been prematurely finalized
Native extension for OSXStandalone target not found
[Package Manager] Failed to launch server process. Reason: Unity was launched with the -noUpm command-line argument
[Package Manager] Unable to send message (not connected to server process).
[Package Manager] Cannot connect to Unity Package Manager local server
[Package Manager] Failed to launch server process. Reason: Unity was launched with the -noUpm command-line argument
[Package Manager] Unable to send message (not connected to server process).
[Package Manager] Cannot connect to Unity Package Manager local server
ScheduleIndexationOnStartup MainProcess:False IndexOnStartup:True
Mono: successfully reloaded assembly
- Finished resetting the current domain, in  0.465 seconds
Domain Reload Profiling: 882ms
	BeginReloadAssembly (110ms)
		DisableScriptedObjects (6ms)
		CreateAndSetChildDomain (38ms)
	RebuildCommonClasses (5ms)
	RebuildNativeTypeToScriptingClass (9ms)
	initialDomainReloadingComplete (21ms)
	LoadAllAssembliesAndSetupDomain (271ms)
		LoadAssemblies (118ms)
		AnalyzeDomain (118ms)
			TypeCache.Refresh (7ms)
			BuildScriptInfoCaches (106ms)
			ResolveRequiredComponents (4ms)
	FinalizeReload (465ms)
		SetupLoadedEditorAssemblies (0ms)
			BeforeProcessingInitializeOnLoad (53ms)
			ProcessInitializeOnLoadAttributes (222ms)
			ProcessInitializeOnLoadMethodAttributes (62ms)
		AwakeInstancesAfterBackupRestoration (9ms)
WARNING: Shader Unsupported: 'Universal Render Pipeline/VR/SpatialMapping/Wireframe' - All subshaders removed
WARNING: Shader Did you use #pragma only_renderers and omit this platform?
WARNING: Shader If subshaders removal was intentional, you may have forgotten turning Fallback off?
Shader Hidden/ChartRasterizerHardware is not supported: GPU does not support conservative rasterization
Unloading 80 Unused Serialized files (Serialized files now loaded: 0)
Unloading 7219 unused Assets / (12.7 MB). Loaded Objects now: 8106.
Memory consumption went from 201.9 MB to 189.2 MB.
Total: 10.860250 ms (FindLiveObjects: 0.320250 ms CreateObjectMapping: 1.382833 ms MarkObjects: 4.266542 ms  DeleteObjects: 4.890250 ms)

Prepare: number of updated asset objects reloaded= 0
========================================================================
Received Import Request.
  Time of request: 2026-09-15T11:14:09.933042Z
  Time since last request: 3.761192959 seconds.
  importAddress: GUID: c409775225b004f55bb58bb722145b1b - Path: Assets/Scripts/ControllerAssignment.cs - Importer: PreviewImporter
Importing 'GUID: c409775225b004f55bb58bb722145b1b - Path: Assets/Scripts/ControllerAssignment.cs - Importer: PreviewImporter' with importer (PreviewImporter)
Imported 'GUID: c409775225b004f55bb58bb722145b1b' -> (Import Result ID: '8222dd2f091b9725413bb2961ed9510e') in 0.000 seconds [static and dynamic dependencies]. Details - ImportResultOutputID=97c20a39ac2b766434256a033f1c5920 DependenciesID=ccd87a1fd10188342deb5a7c30d31227 StaticDependenciesID=49d616cb06c5203c0f761f4230075fa1 
Number of updated asset objects reloaded before import = 0
Number of asset objects unloaded after import = 0
========================================================================
Received Prepare
AcceleratorClientConnectionCallback - disconnected - :0
Begin MonoManager ReloadAssembly
Thread 0x310497000 may have been prematurely finalized
Native extension for OSXStandalone target not found
[Package Manager] Failed to launch server process. Reason: Unity was launched with the -noUpm command-line argument
[Package Manager] Unable to send message (not connected to server process).
[Package Manager] Cannot connect to Unity Package Manager local server
[Package Manager] Failed to launch server process. Reason: Unity was launched with the -noUpm command-line argument
[Package Manager] Unable to send message (not connected to server process).
[Package Manager] Cannot connect to Unity Package Manager local server
ScheduleIndexationOnStartup MainProcess:False IndexOnStartup:True
Mono: successfully reloaded assembly
- Finished resetting the current domain, in  0.476 seconds
Domain Reload Profiling: 893ms
	BeginReloadAssembly (110ms)
		DisableScriptedObjects (6ms)
		CreateAndSetChildDomain (37ms)
	RebuildCommonClasses (5ms)
	RebuildNativeTypeToScriptingClass (9ms)
	initialDomainReloadingComplete (20ms)
	LoadAllAssembliesAndSetupDomain (273ms)
		LoadAssemblies (121ms)
		AnalyzeDomain (118ms)
			TypeCache.Refresh (6ms)
			BuildScriptInfoCaches (107ms)
			ResolveRequiredComponents (4ms)
	FinalizeReload (477ms)
		SetupLoadedEditorAssemblies (0ms)
			BeforeProcessingInitializeOnLoad (53ms)
			ProcessInitializeOnLoadAttributes (230ms)
			ProcessInitializeOnLoadMethodAttributes (62ms)
		AwakeInstancesAfterBackupRestoration (10ms)
WARNING: Shader Unsupported: 'Universal Render Pipeline/VR/SpatialMapping/Wireframe' - All subshaders removed
WARNING: Shader Did you use #pragma only_renderers and omit this platform?
WARNING: Shader If subshaders removal was intentional, you may have forgotten turning Fallback off?
Shader Hidden/ChartRasterizerHardware is not supported: GPU does not support conservative rasterization
Unloading 80 Unused Serialized files (Serialized files now loaded: 0)
Unloading 7219 unused Assets / (11.5 MB). Loaded Objects now: 8109.
Memory consumption went from 201.9 MB to 190.4 MB.
Total: 9.338625 ms (FindLiveObjects: 0.360000 ms CreateObjectMapping: 1.293333 ms MarkObjects: 3.626917 ms  DeleteObjects: 4.057958 ms)

Prepare: number of updated asset objects reloaded= 0
========================================================================
Received Import Request.
  Time of request: 2026-09-15T11:14:36.930693Z
  Time since last request: 26.989748625 seconds.
  importAddress: GUID: c409775225b004f55bb58bb722145b1b - Path: Assets/Scripts/ControllerAssignment.cs - Importer: PreviewImporter
Importing 'GUID: c409775225b004f55bb58bb722145b1b - Path: Assets/Scripts/ControllerAssignment.cs - Importer: PreviewImporter' with importer (PreviewImporter)
Imported 'GUID: c409775225b004f55bb58bb722145b1b' -> (Import Result ID: 'a4d79ce4ceba7fcf588232d83931d4c0') in 0.000 seconds [static and dynamic dependencies]. Details - ImportResultOutputID=97c20a39ac2b766434256a033f1c5920 DependenciesID=98447e0fb9912f9e0a93d2ac565b4233 StaticDependenciesID=468f548540e44988079a72486e57a0c7 
Number of updated asset objects reloaded before import = 0
Number of asset objects unloaded after import = 0
========================================================================
Received Prepare
AcceleratorClientConnectionCallback - disconnected - :0
WARNING: Shader Unsupported: 'Universal Render Pipeline/VR/SpatialMapping/Wireframe' - All subshaders removed
WARNING: Shader Did you use #pragma only_renderers and omit this platform?
WARNING: Shader If subshaders removal was intentional, you may have forgotten turning Fallback off?
Shader Hidden/ChartRasterizerHardware is not supported: GPU does not support conservative rasterization
Unloading 80 Unused Serialized files (Serialized files now loaded: 0)
Unloading 80 unused Assets / (5.9 MB). Loaded Objects now: 8109.
Memory consumption went from 186.0 MB to 180.1 MB.
Total: 5.676875 ms (FindLiveObjects: 0.197958 ms CreateObjectMapping: 0.470583 ms MarkObjects: 3.563542 ms  DeleteObjects: 1.444375 ms)

Prepare: number of updated asset objects reloaded= 0
========================================================================
Received Prepare
AcceleratorClientConnectionCallback - disconnected - :0
WARNING: Shader Unsupported: 'Universal Render Pipeline/VR/SpatialMapping/Wireframe' - All subshaders removed
WARNING: Shader Did you use #pragma only_renderers and omit this platform?
WARNING: Shader If subshaders removal was intentional, you may have forgotten turning Fallback off?
Shader Hidden/ChartRasterizerHardware is not supported: GPU does not support conservative rasterization
Unloading 80 Unused Serialized files (Serialized files now loaded: 0)
Unloading 80 unused Assets / (5.9 MB). Loaded Objects now: 8109.
Memory consumption went from 186.0 MB to 180.1 MB.
Total: 6.402083 ms (FindLiveObjects: 0.199042 ms CreateObjectMapping: 0.439416 ms MarkObjects: 4.150042 ms  DeleteObjects: 1.613083 ms)

Prepare: number of updated asset objects reloaded= 0
========================================================================
Received Prepare
AcceleratorClientConnectionCallback - disconnected - :0
[Licensing::Client] Successfully resolved entitlement details
Begin MonoManager ReloadAssembly
Thread 0x310497000 may have been prematurely finalized
Native extension for OSXStandalone target not found
[Package Manager] Failed to launch server process. Reason: Unity was launched with the -noUpm command-line argument
[Package Manager] Unable to send message (not connected to server process).
[Package Manager] Cannot connect to Unity Package Manager local server
[Package Manager] Failed to launch server process. Reason: Unity was launched with the -noUpm command-line argument
[Package Manager] Unable to send message (not connected to server process).
[Package Manager] Cannot connect to Unity Package Manager local server
ScheduleIndexationOnStartup MainProcess:False IndexOnStartup:True
Mono: successfully reloaded assembly
- Finished resetting the current domain, in  0.461 seconds
Domain Reload Profiling: 891ms
	BeginReloadAssembly (109ms)
		DisableScriptedObjects (5ms)
		CreateAndSetChildDomain (37ms)
	RebuildCommonClasses (5ms)
	RebuildNativeTypeToScriptingClass (9ms)
	initialDomainReloadingComplete (21ms)
	LoadAllAssembliesAndSetupDomain (284ms)
		LoadAssemblies (131ms)
		AnalyzeDomain (116ms)
			TypeCache.Refresh (7ms)
			BuildScriptInfoCaches (104ms)
			ResolveRequiredComponents (4ms)
	FinalizeReload (462ms)
		SetupLoadedEditorAssemblies (0ms)
			BeforeProcessingInitializeOnLoad (50ms)
			ProcessInitializeOnLoadAttributes (220ms)
			ProcessInitializeOnLoadMethodAttributes (67ms)
		AwakeInstancesAfterBackupRestoration (8ms)
WARNING: Shader Unsupported: 'Universal Render Pipeline/VR/SpatialMapping/Wireframe' - All subshaders removed
WARNING: Shader Did you use #pragma only_renderers and omit this platform?
WARNING: Shader If subshaders removal was intentional, you may have forgotten turning Fallback off?
Shader Hidden/ChartRasterizerHardware is not supported: GPU does not support conservative rasterization
Unloading 80 Unused Serialized files (Serialized files now loaded: 0)
Unloading 7219 unused Assets / (12.4 MB). Loaded Objects now: 8112.
Memory consumption went from 201.8 MB to 189.4 MB.
Total: 9.494334 ms (FindLiveObjects: 0.344458 ms CreateObjectMapping: 1.267500 ms MarkObjects: 4.330083 ms  DeleteObjects: 3.552000 ms)

Prepare: number of updated asset objects reloaded= 0
========================================================================
Received Prepare
AcceleratorClientConnectionCallback - disconnected - :0
WARNING: Shader Unsupported: 'Universal Render Pipeline/VR/SpatialMapping/Wireframe' - All subshaders removed
WARNING: Shader Did you use #pragma only_renderers and omit this platform?
WARNING: Shader If subshaders removal was intentional, you may have forgotten turning Fallback off?
Shader Hidden/ChartRasterizerHardware is not supported: GPU does not support conservative rasterization
Unloading 80 Unused Serialized files (Serialized files now loaded: 0)
Unloading 80 unused Assets / (5.9 MB). Loaded Objects now: 8112.
Memory consumption went from 186.1 MB to 180.2 MB.
Total: 5.697583 ms (FindLiveObjects: 0.183125 ms CreateObjectMapping: 0.430459 ms MarkObjects: 3.762875 ms  DeleteObjects: 1.320833 ms)

Prepare: number of updated asset objects reloaded= 0
========================================================================
Received Prepare
AcceleratorClientConnectionCallback - disconnected - :0
WARNING: Shader Unsupported: 'Universal Render Pipeline/VR/SpatialMapping/Wireframe' - All subshaders removed
WARNING: Shader Did you use #pragma only_renderers and omit this platform?
WARNING: Shader If subshaders removal was intentional, you may have forgotten turning Fallback off?
Shader Hidden/ChartRasterizerHardware is not supported: GPU does not support conservative rasterization
Unloading 80 Unused Serialized files (Serialized files now loaded: 0)
Unloading 80 unused Assets / (5.9 MB). Loaded Objects now: 8112.
Memory consumption went from 186.1 MB to 180.2 MB.
Total: 6.283750 ms (FindLiveObjects: 0.189833 ms CreateObjectMapping: 0.456833 ms MarkObjects: 4.142084 ms  DeleteObjects: 1.494750 ms)

Prepare: number of updated asset objects reloaded= 0
========================================================================
Received Prepare
AcceleratorClientConnectionCallback - disconnected - :0
WARNING: Shader Unsupported: 'Universal Render Pipeline/VR/SpatialMapping/Wireframe' - All subshaders removed
WARNING: Shader Did you use #pragma only_renderers and omit this platform?
WARNING: Shader If subshaders removal was intentional, you may have forgotten turning Fallback off?
Shader Hidden/ChartRasterizerHardware is not supported: GPU does not support conservative rasterization
Unloading 80 Unused Serialized files (Serialized files now loaded: 0)
Unloading 80 unused Assets / (5.9 MB). Loaded Objects now: 8112.
Memory consumption went from 186.1 MB to 180.2 MB.
Total: 5.670334 ms (FindLiveObjects: 0.196667 ms CreateObjectMapping: 0.445167 ms MarkObjects: 3.622584 ms  DeleteObjects: 1.405667 ms)

Prepare: number of updated asset objects reloaded= 0
========================================================================
Received Prepare
AcceleratorClientConnectionCallback - disconnected - :0
WARNING: Shader Unsupported: 'Universal Render Pipeline/VR/SpatialMapping/Wireframe' - All subshaders removed
WARNING: Shader Did you use #pragma only_renderers and omit this platform?
WARNING: Shader If subshaders removal was intentional, you may have forgotten turning Fallback off?
Shader Hidden/ChartRasterizerHardware is not supported: GPU does not support conservative rasterization
Unloading 80 Unused Serialized files (Serialized files now loaded: 0)
Unloading 80 unused Assets / (5.9 MB). Loaded Objects now: 8112.
Memory consumption went from 186.1 MB to 180.2 MB.
Total: 6.498459 ms (FindLiveObjects: 0.204917 ms CreateObjectMapping: 0.435541 ms MarkObjects: 4.333167 ms  DeleteObjects: 1.524000 ms)

Prepare: number of updated asset objects reloaded= 0
========================================================================
Received Prepare
AcceleratorClientConnectionCallback - disconnected - :0
WARNING: Shader Unsupported: 'Universal Render Pipeline/VR/SpatialMapping/Wireframe' - All subshaders removed
WARNING: Shader Did you use #pragma only_renderers and omit this platform?
WARNING: Shader If subshaders removal was intentional, you may have forgotten turning Fallback off?
Shader Hidden/ChartRasterizerHardware is not supported: GPU does not support conservative rasterization
Unloading 80 Unused Serialized files (Serialized files now loaded: 0)
Unloading 80 unused Assets / (5.9 MB). Loaded Objects now: 8112.
Memory consumption went from 186.1 MB to 180.2 MB.
Total: 6.286334 ms (FindLiveObjects: 0.184708 ms CreateObjectMapping: 0.450750 ms MarkObjects: 4.250708 ms  DeleteObjects: 1.399917 ms)

Prepare: number of updated asset objects reloaded= 0
========================================================================
Received Prepare
AcceleratorClientConnectionCallback - disconnected - :0
WARNING: Shader Unsupported: 'Universal Render Pipeline/VR/SpatialMapping/Wireframe' - All subshaders removed
WARNING: Shader Did you use #pragma only_renderers and omit this platform?
WARNING: Shader If subshaders removal was intentional, you may have forgotten turning Fallback off?
Shader Hidden/ChartRasterizerHardware is not supported: GPU does not support conservative rasterization
Unloading 80 Unused Serialized files (Serialized files now loaded: 0)
Unloading 80 unused Assets / (5.9 MB). Loaded Objects now: 8112.
Memory consumption went from 186.1 MB to 180.2 MB.
Total: 6.212708 ms (FindLiveObjects: 0.172625 ms CreateObjectMapping: 0.376041 ms MarkObjects: 4.080000 ms  DeleteObjects: 1.583708 ms)

Prepare: number of updated asset objects reloaded= 0
========================================================================
Received Prepare
AcceleratorClientConnectionCallback - disconnected - :0
WARNING: Shader Unsupported: 'Universal Render Pipeline/VR/SpatialMapping/Wireframe' - All subshaders removed
WARNING: Shader Did you use #pragma only_renderers and omit this platform?
WARNING: Shader If subshaders removal was intentional, you may have forgotten turning Fallback off?
Shader Hidden/ChartRasterizerHardware is not supported: GPU does not support conservative rasterization
Unloading 80 Unused Serialized files (Serialized files now loaded: 0)
Unloading 80 unused Assets / (5.9 MB). Loaded Objects now: 8112.
Memory consumption went from 186.1 MB to 180.2 MB.
Total: 5.821917 ms (FindLiveObjects: 0.198916 ms CreateObjectMapping: 0.447375 ms MarkObjects: 3.941000 ms  DeleteObjects: 1.234375 ms)

Prepare: number of updated asset objects reloaded= 0
========================================================================
Received Prepare
AcceleratorClientConnectionCallback - disconnected - :0
WARNING: Shader Unsupported: 'Universal Render Pipeline/VR/SpatialMapping/Wireframe' - All subshaders removed
WARNING: Shader Did you use #pragma only_renderers and omit this platform?
WARNING: Shader If subshaders removal was intentional, you may have forgotten turning Fallback off?
Shader Hidden/ChartRasterizerHardware is not supported: GPU does not support conservative rasterization
Unloading 80 Unused Serialized files (Serialized files now loaded: 0)
Unloading 80 unused Assets / (5.9 MB). Loaded Objects now: 8112.
Memory consumption went from 186.1 MB to 180.2 MB.
Total: 6.202750 ms (FindLiveObjects: 0.203250 ms CreateObjectMapping: 0.441500 ms MarkObjects: 3.960042 ms  DeleteObjects: 1.597708 ms)

Prepare: number of updated asset objects reloaded= 0
========================================================================
Received Import Request.
  Time of request: 2026-09-15T11:50:50.373749Z
  Time since last request: 2173.45099458300001 seconds.
  importAddress: GUID: b39909834b9b14e348edc9d508dbcf89 - Path: Assets/Inputs/GameControls.inputactions - Importer: PreviewImporter
Importing 'GUID: b39909834b9b14e348edc9d508dbcf89 - Path: Assets/Inputs/GameControls.inputactions - Importer: PreviewImporter' with importer (PreviewImporter)
Imported 'GUID: b39909834b9b14e348edc9d508dbcf89' -> (Import Result ID: '2434de5e14f59f388db15a20d3e572b7') in 0.010 seconds [static and dynamic dependencies]. Details - ImportResultOutputID=7cecfcc7b34f1adde260c7b6426a39cd DependenciesID=ff97a2a9cdb8a22354c2932304d7f1bb StaticDependenciesID=41b735b7e113ba45b88adfd294e88474 
Number of updated asset objects reloaded before import = 0
Number of asset objects unloaded after import = 5
========================================================================
Received Prepare
AcceleratorClientConnectionCallback - disconnected - :0
WARNING: Shader Unsupported: 'Universal Render Pipeline/VR/SpatialMapping/Wireframe' - All subshaders removed
WARNING: Shader Did you use #pragma only_renderers and omit this platform?
WARNING: Shader If subshaders removal was intentional, you may have forgotten turning Fallback off?
Shader Hidden/ChartRasterizerHardware is not supported: GPU does not support conservative rasterization
Unloading 80 Unused Serialized files (Serialized files now loaded: 0)
Unloading 7204 unused Assets / (7.8 MB). Loaded Objects now: 8112.
Memory consumption went from 190.2 MB to 182.4 MB.
Total: 9.039875 ms (FindLiveObjects: 0.326708 ms CreateObjectMapping: 1.221083 ms MarkObjects: 4.558708 ms  DeleteObjects: 2.933042 ms)

Prepare: number of updated asset objects reloaded= 0
========================================================================
Received Prepare
AcceleratorClientConnectionCallback - disconnected - :0
[Licensing::Client] Successfully resolved entitlement details
Begin MonoManager ReloadAssembly
Thread 0x310497000 may have been prematurely finalized
Native extension for OSXStandalone target not found
[Package Manager] Failed to launch server process. Reason: Unity was launched with the -noUpm command-line argument
[Package Manager] Unable to send message (not connected to server process).
[Package Manager] Cannot connect to Unity Package Manager local server
[Package Manager] Failed to launch server process. Reason: Unity was launched with the -noUpm command-line argument
[Package Manager] Unable to send message (not connected to server process).
[Package Manager] Cannot connect to Unity Package Manager local server
ScheduleIndexationOnStartup MainProcess:False IndexOnStartup:True
Mono: successfully reloaded assembly
- Finished resetting the current domain, in  0.465 seconds
Domain Reload Profiling: 907ms
	BeginReloadAssembly (113ms)
		DisableScriptedObjects (6ms)
		CreateAndSetChildDomain (39ms)
	RebuildCommonClasses (5ms)
	RebuildNativeTypeToScriptingClass (9ms)
	initialDomainReloadingComplete (21ms)
	LoadAllAssembliesAndSetupDomain (293ms)
		LoadAssemblies (143ms)
		AnalyzeDomain (116ms)
			TypeCache.Refresh (7ms)
			BuildScriptInfoCaches (104ms)
			ResolveRequiredComponents (4ms)
	FinalizeReload (466ms)
		SetupLoadedEditorAssemblies (0ms)
			BeforeProcessingInitializeOnLoad (50ms)
			ProcessInitializeOnLoadAttributes (230ms)
			ProcessInitializeOnLoadMethodAttributes (63ms)
		AwakeInstancesAfterBackupRestoration (10ms)
WARNING: Shader Unsupported: 'Universal Render Pipeline/VR/SpatialMapping/Wireframe' - All subshaders removed
WARNING: Shader Did you use #pragma only_renderers and omit this platform?
WARNING: Shader If subshaders removal was intentional, you may have forgotten turning Fallback off?
Shader Hidden/ChartRasterizerHardware is not supported: GPU does not support conservative rasterization
Unloading 80 Unused Serialized files (Serialized files now loaded: 0)
Unloading 7219 unused Assets / (11.3 MB). Loaded Objects now: 8115.
Memory consumption went from 201.8 MB to 190.5 MB.
Total: 10.187375 ms (FindLiveObjects: 0.349625 ms CreateObjectMapping: 1.505834 ms MarkObjects: 4.436166 ms  DeleteObjects: 3.895375 ms)

Prepare: number of updated asset objects reloaded= 0
========================================================================
Received Prepare
AcceleratorClientConnectionCallback - disconnected - :0
[Licensing::Client] Successfully resolved entitlement details
Begin MonoManager ReloadAssembly
Thread 0x310497000 may have been prematurely finalized
Native extension for OSXStandalone target not found
[Package Manager] Failed to launch server process. Reason: Unity was launched with the -noUpm command-line argument
[Package Manager] Unable to send message (not connected to server process).
[Package Manager] Cannot connect to Unity Package Manager local server
[Package Manager] Failed to launch server process. Reason: Unity was launched with the -noUpm command-line argument
[Package Manager] Unable to send message (not connected to server process).
[Package Manager] Cannot connect to Unity Package Manager local server
ScheduleIndexationOnStartup MainProcess:False IndexOnStartup:True
Mono: successfully reloaded assembly
- Finished resetting the current domain, in  0.459 seconds
Domain Reload Profiling: 885ms
	BeginReloadAssembly (108ms)
		DisableScriptedObjects (6ms)
		CreateAndSetChildDomain (36ms)
	RebuildCommonClasses (5ms)
	RebuildNativeTypeToScriptingClass (9ms)
	initialDomainReloadingComplete (22ms)
	LoadAllAssembliesAndSetupDomain (282ms)
		LoadAssemblies (130ms)
		AnalyzeDomain (115ms)
			TypeCache.Refresh (7ms)
			BuildScriptInfoCaches (103ms)
			ResolveRequiredComponents (4ms)
	FinalizeReload (460ms)
		SetupLoadedEditorAssemblies (0ms)
			BeforeProcessingInitializeOnLoad (51ms)
			ProcessInitializeOnLoadAttributes (224ms)
			ProcessInitializeOnLoadMethodAttributes (59ms)
		AwakeInstancesAfterBackupRestoration (9ms)
WARNING: Shader Unsupported: 'Universal Render Pipeline/VR/SpatialMapping/Wireframe' - All subshaders removed
WARNING: Shader Did you use #pragma only_renderers and omit this platform?
WARNING: Shader If subshaders removal was intentional, you may have forgotten turning Fallback off?
Shader Hidden/ChartRasterizerHardware is not supported: GPU does not support conservative rasterization
Unloading 80 Unused Serialized files (Serialized files now loaded: 0)
Unloading 7219 unused Assets / (12.2 MB). Loaded Objects now: 8118.
Memory consumption went from 201.9 MB to 189.7 MB.
Total: 8.676250 ms (FindLiveObjects: 0.346083 ms CreateObjectMapping: 1.290667 ms MarkObjects: 3.848750 ms  DeleteObjects: 3.190542 ms)

Prepare: number of updated asset objects reloaded= 0
========================================================================
Received Prepare
AcceleratorClientConnectionCallback - disconnected - :0
WARNING: Shader Unsupported: 'Universal Render Pipeline/VR/SpatialMapping/Wireframe' - All subshaders removed
WARNING: Shader Did you use #pragma only_renderers and omit this platform?
WARNING: Shader If subshaders removal was intentional, you may have forgotten turning Fallback off?
Shader Hidden/ChartRasterizerHardware is not supported: GPU does not support conservative rasterization
Unloading 80 Unused Serialized files (Serialized files now loaded: 0)
Unloading 80 unused Assets / (5.9 MB). Loaded Objects now: 8118.
Memory consumption went from 186.3 MB to 180.3 MB.
Total: 6.240459 ms (FindLiveObjects: 0.201500 ms CreateObjectMapping: 0.443125 ms MarkObjects: 4.192208 ms  DeleteObjects: 1.403167 ms)

Prepare: number of updated asset objects reloaded= 0
========================================================================
Received Prepare
AcceleratorClientConnectionCallback - disconnected - :0
WARNING: Shader Unsupported: 'Universal Render Pipeline/VR/SpatialMapping/Wireframe' - All subshaders removed
WARNING: Shader Did you use #pragma only_renderers and omit this platform?
WARNING: Shader If subshaders removal was intentional, you may have forgotten turning Fallback off?
Shader Hidden/ChartRasterizerHardware is not supported: GPU does not support conservative rasterization
Unloading 80 Unused Serialized files (Serialized files now loaded: 0)
Unloading 80 unused Assets / (5.9 MB). Loaded Objects now: 8118.
Memory consumption went from 186.3 MB to 180.3 MB.
Total: 6.409667 ms (FindLiveObjects: 0.204625 ms CreateObjectMapping: 0.433083 ms MarkObjects: 4.333084 ms  DeleteObjects: 1.438709 ms)

Prepare: number of updated asset objects reloaded= 0
========================================================================
Received Import Request.
  Time of request: 2026-09-15T13:09:19.236973Z
  Time since last request: 4206.30316962500001 seconds.
  importAddress: GUID: 8c9cfa26abfee488c85f1582747f6a02 - Path: Assets/Scenes/SampleScene.unity - Importer: ScriptedImporter/UnityEditor.QuickSearchModule:UnityEditor.Search:ASIAI0B
Importing 'GUID: 8c9cfa26abfee488c85f1582747f6a02 - Path: Assets/Scenes/SampleScene.unity - Importer: ScriptedImporter/UnityEditor.QuickSearchModule:UnityEditor.Search:ASIAI0B' with importer (ScriptedImporter : UnityEditor.QuickSearchModule:UnityEditor.Search:ASIAI0B)
Imported 'GUID: 8c9cfa26abfee488c85f1582747f6a02' -> (Import Result ID: 'd87e7a3c64cfeda2cd60ba7b3a95fe51') in 0.024 seconds [static and dynamic dependencies]. Details - ImportResultOutputID=122551874fe8d913d5c2f1fd02b91caf DependenciesID=f17ebb3fc351ef7fce073382e0090885 StaticDependenciesID=a4098cfcd52ad6d5cf67f43f8774ca57 
Number of updated asset objects reloaded before import = 0
Number of asset objects unloaded after import = 1
========================================================================
Received Import Request.
  Time of request: 2026-09-15T13:09:19.268928Z
  Time since last request: 0.001040667 seconds.
  importAddress: GUID: c409775225b004f55bb58bb722145b1b - Path: Assets/Scripts/ControllerAssignment.cs - Importer: ScriptedImporter/UnityEditor.QuickSearchModule:UnityEditor.Search:ASIAI0B
Importing 'GUID: c409775225b004f55bb58bb722145b1b - Path: Assets/Scripts/ControllerAssignment.cs - Importer: ScriptedImporter/UnityEditor.QuickSearchModule:UnityEditor.Search:ASIAI0B' with importer (ScriptedImporter : UnityEditor.QuickSearchModule:UnityEditor.Search:ASIAI0B)
Imported 'GUID: c409775225b004f55bb58bb722145b1b' -> (Import Result ID: '9995f4fb7b844e548e419be762a93aaa') in 0.010 seconds [static and dynamic dependencies]. Details - ImportResultOutputID=d5aab74525d3ed344b06a767d0f5cb28 DependenciesID=aea25d6502fad7becaaf7eff3f62f4c4 StaticDependenciesID=34b4ee98e0f7529d1d32a3712c0921b8 
Number of updated asset objects reloaded before import = 0
Number of asset objects unloaded after import = 0
========================================================================
Received Prepare
AcceleratorClientConnectionCallback - disconnected - :0
WARNING: Shader Unsupported: 'Universal Render Pipeline/VR/SpatialMapping/Wireframe' - All subshaders removed
WARNING: Shader Did you use #pragma only_renderers and omit this platform?
WARNING: Shader If subshaders removal was intentional, you may have forgotten turning Fallback off?
Shader Hidden/ChartRasterizerHardware is not supported: GPU does not support conservative rasterization
Unloading 80 Unused Serialized files (Serialized files now loaded: 0)
Unloading 7205 unused Assets / (12.3 MB). Loaded Objects now: 8119.
Memory consumption went from 190.4 MB to 178.1 MB.
Total: 10.004791 ms (FindLiveObjects: 0.330750 ms CreateObjectMapping: 1.261083 ms MarkObjects: 4.365333 ms  DeleteObjects: 4.047416 ms)

Prepare: number of updated asset objects reloaded= 0
========================================================================
Received Import Request.
  Time of request: 2026-09-15T13:09:23.397718Z
  Time since last request: 4.112759583 seconds.
  importAddress: GUID: e38e04e94a7674915b555b4b61f7d741 - Path: Assets/Scripts/InteractableWater.cs - Importer: PreviewImporter
Importing 'GUID: e38e04e94a7674915b555b4b61f7d741 - Path: Assets/Scripts/InteractableWater.cs - Importer: PreviewImporter' with importer (PreviewImporter)
Imported 'GUID: e38e04e94a7674915b555b4b61f7d741' -> (Import Result ID: '065c164cd24c6263545ca4a040711706') in 0.000 seconds [static and dynamic dependencies]. Details - ImportResultOutputID=7e3f936a537a1527a9f8e748b08a7a24 DependenciesID=6b3bf64d77d66727f73813e9460f5204 StaticDependenciesID=e9c71d7fa4ed666b70d8d010b182b1a8 
Number of updated asset objects reloaded before import = 0
Number of asset objects unloaded after import = 0
========================================================================
Received Prepare
AcceleratorClientConnectionCallback - disconnected - :0
[Licensing::Client] Successfully resolved entitlement details
Begin MonoManager ReloadAssembly
Thread 0x310497000 may have been prematurely finalized
Native extension for OSXStandalone target not found
[Package Manager] Failed to launch server process. Reason: Unity was launched with the -noUpm command-line argument
[Package Manager] Unable to send message (not connected to server process).
[Package Manager] Cannot connect to Unity Package Manager local server
[Package Manager] Failed to launch server process. Reason: Unity was launched with the -noUpm command-line argument
[Package Manager] Unable to send message (not connected to server process).
[Package Manager] Cannot connect to Unity Package Manager local server
ScheduleIndexationOnStartup MainProcess:False IndexOnStartup:True
Mono: successfully reloaded assembly
- Finished resetting the current domain, in  0.415 seconds
Domain Reload Profiling: 858ms
	BeginReloadAssembly (111ms)
		DisableScriptedObjects (6ms)
		CreateAndSetChildDomain (36ms)
	RebuildCommonClasses (5ms)
	RebuildNativeTypeToScriptingClass (9ms)
	initialDomainReloadingComplete (21ms)
	LoadAllAssembliesAndSetupDomain (296ms)
		LoadAssemblies (140ms)
		AnalyzeDomain (119ms)
			TypeCache.Refresh (7ms)
			BuildScriptInfoCaches (107ms)
			ResolveRequiredComponents (4ms)
	FinalizeReload (415ms)
		SetupLoadedEditorAssemblies (0ms)
			BeforeProcessingInitializeOnLoad (47ms)
			ProcessInitializeOnLoadAttributes (193ms)
			ProcessInitializeOnLoadMethodAttributes (57ms)
		AwakeInstancesAfterBackupRestoration (8ms)
WARNING: Shader Unsupported: 'Universal Render Pipeline/VR/SpatialMapping/Wireframe' - All subshaders removed
WARNING: Shader Did you use #pragma only_renderers and omit this platform?
WARNING: Shader If subshaders removal was intentional, you may have forgotten turning Fallback off?
Shader Hidden/ChartRasterizerHardware is not supported: GPU does not support conservative rasterization
Unloading 80 Unused Serialized files (Serialized files now loaded: 0)
Unloading 7220 unused Assets / (11.8 MB). Loaded Objects now: 8122.
Memory consumption went from 202.3 MB to 190.4 MB.
Total: 8.314541 ms (FindLiveObjects: 0.329833 ms CreateObjectMapping: 1.136084 ms MarkObjects: 3.703916 ms  DeleteObjects: 3.144417 ms)

Prepare: number of updated asset objects reloaded= 0
========================================================================
Received Import Request.
  Time of request: 2026-09-15T13:09:29.458593Z
  Time since last request: 6.05416375 seconds.
  importAddress: GUID: e38e04e94a7674915b555b4b61f7d741 - Path: Assets/Scripts/InteractableWater.cs - Importer: PreviewImporter
Importing 'GUID: e38e04e94a7674915b555b4b61f7d741 - Path: Assets/Scripts/InteractableWater.cs - Importer: PreviewImporter' with importer (PreviewImporter)
Imported 'GUID: e38e04e94a7674915b555b4b61f7d741' -> (Import Result ID: 'bbe848ae484883946da7225d51f077cd') in 0.000 seconds [static and dynamic dependencies]. Details - ImportResultOutputID=7e3f936a537a1527a9f8e748b08a7a24 DependenciesID=07873240e84ea48882b37d27739e3579 StaticDependenciesID=e9c71d7fa4ed666b70d8d010b182b1a8 
Number of updated asset objects reloaded before import = 0
Number of asset objects unloaded after import = 0
========================================================================
Received Prepare
AcceleratorClientConnectionCallback - disconnected - :0
WARNING: Shader Unsupported: 'Universal Render Pipeline/VR/SpatialMapping/Wireframe' - All subshaders removed
WARNING: Shader Did you use #pragma only_renderers and omit this platform?
WARNING: Shader If subshaders removal was intentional, you may have forgotten turning Fallback off?
Shader Hidden/ChartRasterizerHardware is not supported: GPU does not support conservative rasterization
Unloading 80 Unused Serialized files (Serialized files now loaded: 0)
Unloading 7205 unused Assets / (7.5 MB). Loaded Objects now: 8122.
Memory consumption went from 190.4 MB to 182.9 MB.
Total: 8.978000 ms (FindLiveObjects: 0.326000 ms CreateObjectMapping: 1.262625 ms MarkObjects: 4.464750 ms  DeleteObjects: 2.924375 ms)

Prepare: number of updated asset objects reloaded= 0
========================================================================
Received Prepare
AcceleratorClientConnectionCallback - disconnected - :0
WARNING: Shader Unsupported: 'Universal Render Pipeline/VR/SpatialMapping/Wireframe' - All subshaders removed
WARNING: Shader Did you use #pragma only_renderers and omit this platform?
WARNING: Shader If subshaders removal was intentional, you may have forgotten turning Fallback off?
Shader Hidden/ChartRasterizerHardware is not supported: GPU does not support conservative rasterization
Unloading 80 Unused Serialized files (Serialized files now loaded: 0)
Unloading 7206 unused Assets / (8.6 MB). Loaded Objects now: 8123.
Memory consumption went from 190.4 MB to 181.8 MB.
Total: 9.207917 ms (FindLiveObjects: 0.333125 ms CreateObjectMapping: 1.336125 ms MarkObjects: 4.233375 ms  DeleteObjects: 3.305167 ms)

Prepare: number of updated asset objects reloaded= 0
========================================================================
Received Import Request.
  Time of request: 2026-09-15T13:17:00.324241Z
  Time since last request: 450.86481624999999 seconds.
  importAddress: GUID: 0853205de5da84d5aa7f570dfcac97e6 - Path: Assets/Scripts/NewMonoBehaviourScript.cs - Importer: ScriptedImporter/UnityEditor.QuickSearchModule:UnityEditor.Search:ASIAI0B
Importing 'GUID: 0853205de5da84d5aa7f570dfcac97e6 - Path: Assets/Scripts/NewMonoBehaviourScript.cs - Importer: ScriptedImporter/UnityEditor.QuickSearchModule:UnityEditor.Search:ASIAI0B' with importer (ScriptedImporter : UnityEditor.QuickSearchModule:UnityEditor.Search:ASIAI0B)
Imported 'GUID: 0853205de5da84d5aa7f570dfcac97e6' -> (Import Result ID: '1c49cb7c8d503798fcc8479160336c8b') in 0.028 seconds [static and dynamic dependencies]. Details - ImportResultOutputID=29088d6f489845f3e4d6866435cb31ef DependenciesID=26ae03ac5ac6b83fec0543b99fc03872 StaticDependenciesID=95e65e8485d3317c16498337a6810480 
Number of updated asset objects reloaded before import = 0
Number of asset objects unloaded after import = 0
========================================================================
Received Prepare
AcceleratorClientConnectionCallback - disconnected - :0
WARNING: Shader Unsupported: 'Universal Render Pipeline/VR/SpatialMapping/Wireframe' - All subshaders removed
WARNING: Shader Did you use #pragma only_renderers and omit this platform?
WARNING: Shader If subshaders removal was intentional, you may have forgotten turning Fallback off?
Shader Hidden/ChartRasterizerHardware is not supported: GPU does not support conservative rasterization
Unloading 80 Unused Serialized files (Serialized files now loaded: 0)
Unloading 7205 unused Assets / (12.3 MB). Loaded Objects now: 8122.
Memory consumption went from 190.4 MB to 178.2 MB.
Total: 9.506167 ms (FindLiveObjects: 0.341209 ms CreateObjectMapping: 1.440291 ms MarkObjects: 3.797917 ms  DeleteObjects: 3.926500 ms)

Prepare: number of updated asset objects reloaded= 0
========================================================================
Received Prepare
AcceleratorClientConnectionCallback - disconnected - :0
WARNING: Shader Unsupported: 'Universal Render Pipeline/VR/SpatialMapping/Wireframe' - All subshaders removed
WARNING: Shader Did you use #pragma only_renderers and omit this platform?
WARNING: Shader If subshaders removal was intentional, you may have forgotten turning Fallback off?
Shader Hidden/ChartRasterizerHardware is not supported: GPU does not support conservative rasterization
Unloading 80 Unused Serialized files (Serialized files now loaded: 0)
Unloading 7206 unused Assets / (12.1 MB). Loaded Objects now: 8123.
Memory consumption went from 190.4 MB to 178.3 MB.
Total: 9.010125 ms (FindLiveObjects: 0.341417 ms CreateObjectMapping: 1.357666 ms MarkObjects: 4.171084 ms  DeleteObjects: 3.139625 ms)

Prepare: number of updated asset objects reloaded= 0
========================================================================
Received Prepare
AcceleratorClientConnectionCallback - disconnected - :0
WARNING: Shader Unsupported: 'Universal Render Pipeline/VR/SpatialMapping/Wireframe' - All subshaders removed
WARNING: Shader Did you use #pragma only_renderers and omit this platform?
WARNING: Shader If subshaders removal was intentional, you may have forgotten turning Fallback off?
Shader Hidden/ChartRasterizerHardware is not supported: GPU does not support conservative rasterization
Unloading 80 Unused Serialized files (Serialized files now loaded: 0)
Unloading 7206 unused Assets / (7.5 MB). Loaded Objects now: 8123.
Memory consumption went from 190.4 MB to 182.9 MB.
Total: 8.677792 ms (FindLiveObjects: 0.328458 ms CreateObjectMapping: 1.266833 ms MarkObjects: 4.104500 ms  DeleteObjects: 2.977792 ms)

Prepare: number of updated asset objects reloaded= 0
========================================================================
Received Prepare
AcceleratorClientConnectionCallback - disconnected - :0
WARNING: Shader Unsupported: 'Universal Render Pipeline/VR/SpatialMapping/Wireframe' - All subshaders removed
WARNING: Shader Did you use #pragma only_renderers and omit this platform?
WARNING: Shader If subshaders removal was intentional, you may have forgotten turning Fallback off?
Shader Hidden/ChartRasterizerHardware is not supported: GPU does not support conservative rasterization
Unloading 80 Unused Serialized files (Serialized files now loaded: 0)
Unloading 7206 unused Assets / (8.2 MB). Loaded Objects now: 8123.
Memory consumption went from 190.4 MB to 182.3 MB.
Total: 8.900500 ms (FindLiveObjects: 0.339125 ms CreateObjectMapping: 1.221708 ms MarkObjects: 4.147167 ms  DeleteObjects: 3.192333 ms)

Prepare: number of updated asset objects reloaded= 0
========================================================================
Received Prepare
AcceleratorClientConnectionCallback - disconnected - :0
[Licensing::Client] Successfully resolved entitlement details
Begin MonoManager ReloadAssembly
Thread 0x310497000 may have been prematurely finalized
Native extension for OSXStandalone target not found
[Package Manager] Failed to launch server process. Reason: Unity was launched with the -noUpm command-line argument
[Package Manager] Unable to send message (not connected to server process).
[Package Manager] Cannot connect to Unity Package Manager local server
[Package Manager] Failed to launch server process. Reason: Unity was launched with the -noUpm command-line argument
[Package Manager] Unable to send message (not connected to server process).
[Package Manager] Cannot connect to Unity Package Manager local server
ScheduleIndexationOnStartup MainProcess:False IndexOnStartup:True
Mono: successfully reloaded assembly
- Finished resetting the current domain, in  0.486 seconds
Domain Reload Profiling: 939ms
	BeginReloadAssembly (112ms)
		DisableScriptedObjects (5ms)
		CreateAndSetChildDomain (37ms)
	RebuildCommonClasses (5ms)
	RebuildNativeTypeToScriptingClass (9ms)
	initialDomainReloadingComplete (21ms)
	LoadAllAssembliesAndSetupDomain (305ms)
		LoadAssemblies (150ms)
		AnalyzeDomain (117ms)
			TypeCache.Refresh (6ms)
			BuildScriptInfoCaches (106ms)
			ResolveRequiredComponents (4ms)
	FinalizeReload (487ms)
		SetupLoadedEditorAssemblies (0ms)
			BeforeProcessingInitializeOnLoad (54ms)
			ProcessInitializeOnLoadAttributes (236ms)
			ProcessInitializeOnLoadMethodAttributes (65ms)
		AwakeInstancesAfterBackupRestoration (9ms)
WARNING: Shader Unsupported: 'Universal Render Pipeline/VR/SpatialMapping/Wireframe' - All subshaders removed
WARNING: Shader Did you use #pragma only_renderers and omit this platform?
WARNING: Shader If subshaders removal was intentional, you may have forgotten turning Fallback off?
Shader Hidden/ChartRasterizerHardware is not supported: GPU does not support conservative rasterization
Unloading 80 Unused Serialized files (Serialized files now loaded: 0)
Unloading 7221 unused Assets / (12.1 MB). Loaded Objects now: 8126.
Memory consumption went from 201.8 MB to 189.7 MB.
Total: 10.326250 ms (FindLiveObjects: 0.334750 ms CreateObjectMapping: 1.369584 ms MarkObjects: 4.243750 ms  DeleteObjects: 4.377584 ms)

Prepare: number of updated asset objects reloaded= 0
========================================================================
Received Import Request.
  Time of request: 2026-09-15T16:45:11.688363Z
  Time since last request: 5717.29042633300014 seconds.
  importAddress: GUID: e172e416c148548c4879a6f306def269 - Path: Assets/Scripts/WaterTriggerHandler.cs - Importer: PreviewImporter
Importing 'GUID: e172e416c148548c4879a6f306def269 - Path: Assets/Scripts/WaterTriggerHandler.cs - Importer: PreviewImporter' with importer (PreviewImporter)
Imported 'GUID: e172e416c148548c4879a6f306def269' -> (Import Result ID: '34f8717d30aeed4d4a76bf9ecfa0ad21') in 0.000 seconds [static and dynamic dependencies]. Details - ImportResultOutputID=a69f909363c3ce0f37500e606d62ba73 DependenciesID=3b6f9eeec470b5948407e148324653ca StaticDependenciesID=2d7c41f7dbf69148b606b409af45e161 
Number of updated asset objects reloaded before import = 0
Number of asset objects unloaded after import = 0
========================================================================
Received Prepare
AcceleratorClientConnectionCallback - disconnected - :0
WARNING: Shader Unsupported: 'Universal Render Pipeline/VR/SpatialMapping/Wireframe' - All subshaders removed
WARNING: Shader Did you use #pragma only_renderers and omit this platform?
WARNING: Shader If subshaders removal was intentional, you may have forgotten turning Fallback off?
Shader Hidden/ChartRasterizerHardware is not supported: GPU does not support conservative rasterization
Unloading 80 Unused Serialized files (Serialized files now loaded: 0)
Unloading 80 unused Assets / (5.9 MB). Loaded Objects now: 8126.
Memory consumption went from 186.5 MB to 180.5 MB.
Total: 6.348417 ms (FindLiveObjects: 0.203416 ms CreateObjectMapping: 0.439542 ms MarkObjects: 4.344333 ms  DeleteObjects: 1.361000 ms)

Prepare: number of updated asset objects reloaded= 0
========================================================================
Received Import Request.
  Time of request: 2026-09-15T16:51:38.404579Z
  Time since last request: 386.71924274999998 seconds.
  importAddress: GUID: 8c9cfa26abfee488c85f1582747f6a02 - Path: Assets/Scenes/SampleScene.unity - Importer: ScriptedImporter/UnityEditor.QuickSearchModule:UnityEditor.Search:ASIAI0B
Importing 'GUID: 8c9cfa26abfee488c85f1582747f6a02 - Path: Assets/Scenes/SampleScene.unity - Importer: ScriptedImporter/UnityEditor.QuickSearchModule:UnityEditor.Search:ASIAI0B' with importer (ScriptedImporter : UnityEditor.QuickSearchModule:UnityEditor.Search:ASIAI0B)
Imported 'GUID: 8c9cfa26abfee488c85f1582747f6a02' -> (Import Result ID: 'b04e333e7cb92eef2e0639616553bbea') in 0.025 seconds [static and dynamic dependencies]. Details - ImportResultOutputID=b81be2609b03cd336ef4d29aea2ab122 DependenciesID=b9c77fab81a2b86f6848acbc620f7ad4 StaticDependenciesID=51aea21be3924c3a83c0cd830cba592d 
Number of updated asset objects reloaded before import = 0
Number of asset objects unloaded after import = 1
========================================================================
Received Prepare
AcceleratorClientConnectionCallback - disconnected - :0
WARNING: Shader Unsupported: 'Universal Render Pipeline/VR/SpatialMapping/Wireframe' - All subshaders removed
WARNING: Shader Did you use #pragma only_renderers and omit this platform?
WARNING: Shader If subshaders removal was intentional, you may have forgotten turning Fallback off?
Shader Hidden/ChartRasterizerHardware is not supported: GPU does not support conservative rasterization
Unloading 80 Unused Serialized files (Serialized files now loaded: 0)
Unloading 80 unused Assets / (5.9 MB). Loaded Objects now: 8126.
Memory consumption went from 186.5 MB to 180.5 MB.
Total: 6.673000 ms (FindLiveObjects: 0.204709 ms CreateObjectMapping: 0.466083 ms MarkObjects: 4.516666 ms  DeleteObjects: 1.485292 ms)

Prepare: number of updated asset objects reloaded= 0
========================================================================
Received Import Request.
  Time of request: 2026-09-15T16:51:39.284326Z
  Time since last request: 0.847828375 seconds.
  importAddress: GUID: f14ea6cf7acda4f30b0b8b98ac51e453 - Path: Assets/Shaders - Importer: PreviewImporter
Importing 'GUID: f14ea6cf7acda4f30b0b8b98ac51e453 - Path: Assets/Shaders - Importer: PreviewImporter' with importer (PreviewImporter)
Imported 'GUID: f14ea6cf7acda4f30b0b8b98ac51e453' -> (Import Result ID: 'f7b761306a980bd3a7bec7aad680ee30') in 0.000 seconds [static and dynamic dependencies]. Details - ImportResultOutputID=ff67fcd1679cd326645df70e641837bb DependenciesID=c3402b40193e7059467a9386e615b0c5 StaticDependenciesID=0d97db716049c79df6900f57ea514a2a 
Number of updated asset objects reloaded before import = 0
Number of asset objects unloaded after import = 0
========================================================================
Received Prepare
AcceleratorClientConnectionCallback - disconnected - :0
WARNING: Shader Unsupported: 'Universal Render Pipeline/VR/SpatialMapping/Wireframe' - All subshaders removed
WARNING: Shader Did you use #pragma only_renderers and omit this platform?
WARNING: Shader If subshaders removal was intentional, you may have forgotten turning Fallback off?
Shader Hidden/ChartRasterizerHardware is not supported: GPU does not support conservative rasterization
Unloading 80 Unused Serialized files (Serialized files now loaded: 0)
Unloading 80 unused Assets / (5.9 MB). Loaded Objects now: 8126.
Memory consumption went from 186.5 MB to 180.6 MB.
Total: 6.092958 ms (FindLiveObjects: 0.200916 ms CreateObjectMapping: 0.440000 ms MarkObjects: 4.064959 ms  DeleteObjects: 1.386916 ms)

Prepare: number of updated asset objects reloaded= 0
========================================================================
Received Prepare
AcceleratorClientConnectionCallback - disconnected - :0
WARNING: Shader Unsupported: 'Universal Render Pipeline/VR/SpatialMapping/Wireframe' - All subshaders removed
WARNING: Shader Did you use #pragma only_renderers and omit this platform?
WARNING: Shader If subshaders removal was intentional, you may have forgotten turning Fallback off?
Shader Hidden/ChartRasterizerHardware is not supported: GPU does not support conservative rasterization
Unloading 80 Unused Serialized files (Serialized files now loaded: 0)
Unloading 80 unused Assets / (5.9 MB). Loaded Objects now: 8126.
Memory consumption went from 186.5 MB to 180.6 MB.
Total: 5.811000 ms (FindLiveObjects: 0.195916 ms CreateObjectMapping: 0.439625 ms MarkObjects: 3.829417 ms  DeleteObjects: 1.345750 ms)

Prepare: number of updated asset objects reloaded= 0
========================================================================
Received Prepare
AcceleratorClientConnectionCallback - disconnected - :0
[Licensing::Client] Successfully resolved entitlement details
Begin MonoManager ReloadAssembly
Thread 0x310497000 may have been prematurely finalized
Native extension for OSXStandalone target not found
[Package Manager] Failed to launch server process. Reason: Unity was launched with the -noUpm command-line argument
[Package Manager] Unable to send message (not connected to server process).
[Package Manager] Cannot connect to Unity Package Manager local server
[Package Manager] Failed to launch server process. Reason: Unity was launched with the -noUpm command-line argument
[Package Manager] Unable to send message (not connected to server process).
[Package Manager] Cannot connect to Unity Package Manager local server
ScheduleIndexationOnStartup MainProcess:False IndexOnStartup:True
Mono: successfully reloaded assembly
- Finished resetting the current domain, in  0.463 seconds
Domain Reload Profiling: 773ms
	BeginReloadAssembly (107ms)
		DisableScriptedObjects (6ms)
		CreateAndSetChildDomain (36ms)
	RebuildCommonClasses (5ms)
	RebuildNativeTypeToScriptingClass (9ms)
	initialDomainReloadingComplete (19ms)
	LoadAllAssembliesAndSetupDomain (170ms)
		LoadAssemblies (122ms)
		AnalyzeDomain (12ms)
			TypeCache.Refresh (5ms)
			ResolveRequiredComponents (5ms)
	FinalizeReload (463ms)
		SetupLoadedEditorAssemblies (0ms)
			BeforeProcessingInitializeOnLoad (47ms)
			ProcessInitializeOnLoadAttributes (225ms)
			ProcessInitializeOnLoadMethodAttributes (64ms)
		AwakeInstancesAfterBackupRestoration (10ms)
WARNING: Shader Unsupported: 'Universal Render Pipeline/VR/SpatialMapping/Wireframe' - All subshaders removed
WARNING: Shader Did you use #pragma only_renderers and omit this platform?
WARNING: Shader If subshaders removal was intentional, you may have forgotten turning Fallback off?
Shader Hidden/ChartRasterizerHardware is not supported: GPU does not support conservative rasterization
Unloading 80 Unused Serialized files (Serialized files now loaded: 0)
Unloading 7221 unused Assets / (11.9 MB). Loaded Objects now: 8129.
Memory consumption went from 201.6 MB to 189.7 MB.
Total: 8.181500 ms (FindLiveObjects: 0.297666 ms CreateObjectMapping: 1.355209 ms MarkObjects: 3.519625 ms  DeleteObjects: 3.008750 ms)

Prepare: number of updated asset objects reloaded= 0
========================================================================
Received Prepare
AcceleratorClientConnectionCallback - disconnected - :0
WARNING: Shader Unsupported: 'Universal Render Pipeline/VR/SpatialMapping/Wireframe' - All subshaders removed
WARNING: Shader Did you use #pragma only_renderers and omit this platform?
WARNING: Shader If subshaders removal was intentional, you may have forgotten turning Fallback off?
Shader Hidden/ChartRasterizerHardware is not supported: GPU does not support conservative rasterization
Unloading 80 Unused Serialized files (Serialized files now loaded: 0)
Unloading 80 unused Assets / (5.9 MB). Loaded Objects now: 8129.
Memory consumption went from 186.6 MB to 180.6 MB.
Total: 6.451167 ms (FindLiveObjects: 0.197167 ms CreateObjectMapping: 0.431625 ms MarkObjects: 4.349333 ms  DeleteObjects: 1.472959 ms)

Prepare: number of updated asset objects reloaded= 0
========================================================================
Received Prepare
AcceleratorClientConnectionCallback - disconnected - :0
WARNING: Shader Unsupported: 'Universal Render Pipeline/VR/SpatialMapping/Wireframe' - All subshaders removed
WARNING: Shader Did you use #pragma only_renderers and omit this platform?
WARNING: Shader If subshaders removal was intentional, you may have forgotten turning Fallback off?
Shader Hidden/ChartRasterizerHardware is not supported: GPU does not support conservative rasterization
Unloading 80 Unused Serialized files (Serialized files now loaded: 0)
Unloading 80 unused Assets / (5.9 MB). Loaded Objects now: 8129.
Memory consumption went from 186.6 MB to 180.6 MB.
Total: 6.622333 ms (FindLiveObjects: 0.202791 ms CreateObjectMapping: 0.495375 ms MarkObjects: 4.473958 ms  DeleteObjects: 1.449917 ms)

Prepare: number of updated asset objects reloaded= 0
========================================================================
Received Prepare
AcceleratorClientConnectionCallback - disconnected - :0
WARNING: Shader Unsupported: 'Universal Render Pipeline/VR/SpatialMapping/Wireframe' - All subshaders removed
WARNING: Shader Did you use #pragma only_renderers and omit this platform?
WARNING: Shader If subshaders removal was intentional, you may have forgotten turning Fallback off?
Shader Hidden/ChartRasterizerHardware is not supported: GPU does not support conservative rasterization
Unloading 80 Unused Serialized files (Serialized files now loaded: 0)
Unloading 80 unused Assets / (5.9 MB). Loaded Objects now: 8129.
Memory consumption went from 186.6 MB to 180.6 MB.
Total: 6.189042 ms (FindLiveObjects: 0.230208 ms CreateObjectMapping: 0.398375 ms MarkObjects: 4.179792 ms  DeleteObjects: 1.380292 ms)

Prepare: number of updated asset objects reloaded= 0
========================================================================
Received Import Request.
  Time of request: 2026-09-15T16:58:03.930628Z
  Time since last request: 384.649165375 seconds.
  importAddress: GUID: dfc431157acc240f0981627ebf8c8ac4 - Path: Assets/Shaders/WaterMaterial.mat - Importer: PreviewImporter
Importing 'GUID: dfc431157acc240f0981627ebf8c8ac4 - Path: Assets/Shaders/WaterMaterial.mat - Importer: PreviewImporter' with importer (PreviewImporter)
Imported 'GUID: dfc431157acc240f0981627ebf8c8ac4' -> (Import Result ID: '305acf151afb194f35a6990feff8f76a') in 0.268 seconds [static and dynamic dependencies]. Details - ImportResultOutputID=ff7d8c571d7be3dd2ec4e993430bd98e DependenciesID=15a74f5a537b21987bc6f92fd81ac4b6 StaticDependenciesID=082e9d437634f24df7d8f45360e21250 
Number of updated asset objects reloaded before import = 0
Number of asset objects unloaded after import = 4
========================================================================
Received Prepare
AcceleratorClientConnectionCallback - disconnected - :0
WARNING: Shader Unsupported: 'Universal Render Pipeline/VR/SpatialMapping/Wireframe' - All subshaders removed
WARNING: Shader Did you use #pragma only_renderers and omit this platform?
WARNING: Shader If subshaders removal was intentional, you may have forgotten turning Fallback off?
Shader Hidden/ChartRasterizerHardware is not supported: GPU does not support conservative rasterization
Unloading 80 Unused Serialized files (Serialized files now loaded: 0)
Unloading 80 unused Assets / (5.9 MB). Loaded Objects now: 8221.
Memory consumption went from 187.9 MB to 182.0 MB.
Total: 6.630708 ms (FindLiveObjects: 0.203125 ms CreateObjectMapping: 0.416416 ms MarkObjects: 4.699542 ms  DeleteObjects: 1.311458 ms)

Prepare: number of updated asset objects reloaded= 0
========================================================================
Received Import Request.
  Time of request: 2026-09-15T17:02:40.911173Z
  Time since last request: 276.72911333299999 seconds.
  importAddress: GUID: dfc431157acc240f0981627ebf8c8ac4 - Path: Assets/Shaders/WaterMaterial.mat - Importer: PreviewImporter
Importing 'GUID: dfc431157acc240f0981627ebf8c8ac4 - Path: Assets/Shaders/WaterMaterial.mat - Importer: PreviewImporter' with importer (PreviewImporter)
Imported 'GUID: dfc431157acc240f0981627ebf8c8ac4' -> (Import Result ID: '59499cff39dcd29d16bbe5162d6cc727') in 0.101 seconds [static and dynamic dependencies]. Details - ImportResultOutputID=ff7d8c571d7be3dd2ec4e993430bd98e DependenciesID=8e0bd2552efbd9ef496a871aa360923a StaticDependenciesID=082e9d437634f24df7d8f45360e21250 
Number of updated asset objects reloaded before import = 0
Number of asset objects unloaded after import = 1
========================================================================
Received Prepare
AcceleratorClientConnectionCallback - disconnected - :0
WARNING: Shader Unsupported: 'Universal Render Pipeline/VR/SpatialMapping/Wireframe' - All subshaders removed
WARNING: Shader Did you use #pragma only_renderers and omit this platform?
WARNING: Shader If subshaders removal was intentional, you may have forgotten turning Fallback off?
Shader Hidden/ChartRasterizerHardware is not supported: GPU does not support conservative rasterization
Unloading 80 Unused Serialized files (Serialized files now loaded: 0)
Unloading 80 unused Assets / (5.9 MB). Loaded Objects now: 8222.
Memory consumption went from 187.6 MB to 181.7 MB.
Total: 6.356166 ms (FindLiveObjects: 0.195834 ms CreateObjectMapping: 0.440333 ms MarkObjects: 4.305083 ms  DeleteObjects: 1.414541 ms)

Prepare: number of updated asset objects reloaded= 1
========================================================================
Received Import Request.
  Time of request: 2026-09-15T17:04:32.846027Z
  Time since last request: 111.826263 seconds.
  importAddress: GUID: dfc431157acc240f0981627ebf8c8ac4 - Path: Assets/Shaders/WaterMaterial.mat - Importer: PreviewImporter
Importing 'GUID: dfc431157acc240f0981627ebf8c8ac4 - Path: Assets/Shaders/WaterMaterial.mat - Importer: PreviewImporter' with importer (PreviewImporter)
Imported 'GUID: dfc431157acc240f0981627ebf8c8ac4' -> (Import Result ID: 'dddc7ef95054e783eb6df92b8161700f') in 0.145 seconds [static and dynamic dependencies]. Details - ImportResultOutputID=ff7d8c571d7be3dd2ec4e993430bd98e DependenciesID=18fe738f24d7ae528868ec53d45b3ae5 StaticDependenciesID=082e9d437634f24df7d8f45360e21250 
Number of updated asset objects reloaded before import = 0
Number of asset objects unloaded after import = 1
========================================================================
Received Prepare
AcceleratorClientConnectionCallback - disconnected - :0
WARNING: Shader Unsupported: 'Universal Render Pipeline/VR/SpatialMapping/Wireframe' - All subshaders removed
WARNING: Shader Did you use #pragma only_renderers and omit this platform?
WARNING: Shader If subshaders removal was intentional, you may have forgotten turning Fallback off?
Shader Hidden/ChartRasterizerHardware is not supported: GPU does not support conservative rasterization
Unloading 80 Unused Serialized files (Serialized files now loaded: 0)
Unloading 80 unused Assets / (5.9 MB). Loaded Objects now: 8222.
Memory consumption went from 187.3 MB to 181.4 MB.
Total: 6.897041 ms (FindLiveObjects: 0.232042 ms CreateObjectMapping: 0.448000 ms MarkObjects: 4.761000 ms  DeleteObjects: 1.455708 ms)

Prepare: number of updated asset objects reloaded= 1
========================================================================
Received Prepare
AcceleratorClientConnectionCallback - disconnected - :0
WARNING: Shader Unsupported: 'Universal Render Pipeline/VR/SpatialMapping/Wireframe' - All subshaders removed
WARNING: Shader Did you use #pragma only_renderers and omit this platform?
WARNING: Shader If subshaders removal was intentional, you may have forgotten turning Fallback off?
Shader Hidden/ChartRasterizerHardware is not supported: GPU does not support conservative rasterization
Unloading 80 Unused Serialized files (Serialized files now loaded: 0)
Unloading 80 unused Assets / (5.8 MB). Loaded Objects now: 8222.
Memory consumption went from 187.3 MB to 181.5 MB.
Total: 6.996959 ms (FindLiveObjects: 0.206000 ms CreateObjectMapping: 0.469292 ms MarkObjects: 4.899542 ms  DeleteObjects: 1.421959 ms)

Prepare: number of updated asset objects reloaded= 1
========================================================================
Received Prepare
AcceleratorClientConnectionCallback - disconnected - :0
WARNING: Shader Unsupported: 'Universal Render Pipeline/VR/SpatialMapping/Wireframe' - All subshaders removed
WARNING: Shader Did you use #pragma only_renderers and omit this platform?
WARNING: Shader If subshaders removal was intentional, you may have forgotten turning Fallback off?
Shader Hidden/ChartRasterizerHardware is not supported: GPU does not support conservative rasterization
Unloading 80 Unused Serialized files (Serialized files now loaded: 0)
Unloading 80 unused Assets / (5.9 MB). Loaded Objects now: 8222.
Memory consumption went from 187.4 MB to 181.5 MB.
Total: 6.939708 ms (FindLiveObjects: 0.207917 ms CreateObjectMapping: 0.439375 ms MarkObjects: 4.820792 ms  DeleteObjects: 1.471125 ms)

Prepare: number of updated asset objects reloaded= 1
========================================================================
Received Import Request.
  Time of request: 2026-09-15T17:17:23.934588Z
  Time since last request: 770.87101229200005 seconds.
  importAddress: GUID: dfc431157acc240f0981627ebf8c8ac4 - Path: Assets/Shaders/WaterMaterial.mat - Importer: PreviewImporter
Importing 'GUID: dfc431157acc240f0981627ebf8c8ac4 - Path: Assets/Shaders/WaterMaterial.mat - Importer: PreviewImporter' with importer (PreviewImporter)
Imported 'GUID: dfc431157acc240f0981627ebf8c8ac4' -> (Import Result ID: '192e740f8044cc823c1f5494e0b0c643') in 0.177 seconds [static and dynamic dependencies]. Details - ImportResultOutputID=ff7d8c571d7be3dd2ec4e993430bd98e DependenciesID=c1314725e4d1dd39d2750f83cd156bd9 StaticDependenciesID=082e9d437634f24df7d8f45360e21250 
Number of updated asset objects reloaded before import = 0
Number of asset objects unloaded after import = 1
========================================================================
Received Prepare
AcceleratorClientConnectionCallback - disconnected - :0
WARNING: Shader Unsupported: 'Universal Render Pipeline/VR/SpatialMapping/Wireframe' - All subshaders removed
WARNING: Shader Did you use #pragma only_renderers and omit this platform?
WARNING: Shader If subshaders removal was intentional, you may have forgotten turning Fallback off?
Shader Hidden/ChartRasterizerHardware is not supported: GPU does not support conservative rasterization
Unloading 80 Unused Serialized files (Serialized files now loaded: 0)
Unloading 80 unused Assets / (5.9 MB). Loaded Objects now: 8222.
Memory consumption went from 187.5 MB to 181.6 MB.
Total: 6.922833 ms (FindLiveObjects: 0.212375 ms CreateObjectMapping: 0.455250 ms MarkObjects: 4.915583 ms  DeleteObjects: 1.339291 ms)

Prepare: number of updated asset objects reloaded= 1
========================================================================
Received Import Request.
  Time of request: 2026-09-15T17:19:22.017013Z
  Time since last request: 117.900716125 seconds.
  importAddress: GUID: dfc431157acc240f0981627ebf8c8ac4 - Path: Assets/Shaders/WaterMaterial.mat - Importer: PreviewImporter
Importing 'GUID: dfc431157acc240f0981627ebf8c8ac4 - Path: Assets/Shaders/WaterMaterial.mat - Importer: PreviewImporter' with importer (PreviewImporter)
Imported 'GUID: dfc431157acc240f0981627ebf8c8ac4' -> (Import Result ID: '8a033d87711e2c19de5f04e6374dfb45') in 0.180 seconds [static and dynamic dependencies]. Details - ImportResultOutputID=ff7d8c571d7be3dd2ec4e993430bd98e DependenciesID=f3ed657f26de427d5892bf0ab6b96fd8 StaticDependenciesID=082e9d437634f24df7d8f45360e21250 
Number of updated asset objects reloaded before import = 0
Number of asset objects unloaded after import = 1
========================================================================
Received Prepare
AcceleratorClientConnectionCallback - disconnected - :0
WARNING: Shader Unsupported: 'Universal Render Pipeline/VR/SpatialMapping/Wireframe' - All subshaders removed
WARNING: Shader Did you use #pragma only_renderers and omit this platform?
WARNING: Shader If subshaders removal was intentional, you may have forgotten turning Fallback off?
Shader Hidden/ChartRasterizerHardware is not supported: GPU does not support conservative rasterization
Unloading 80 Unused Serialized files (Serialized files now loaded: 0)
Unloading 80 unused Assets / (5.9 MB). Loaded Objects now: 8222.
Memory consumption went from 187.5 MB to 181.6 MB.
Total: 6.840083 ms (FindLiveObjects: 0.197000 ms CreateObjectMapping: 0.464792 ms MarkObjects: 4.646458 ms  DeleteObjects: 1.531541 ms)

Prepare: number of updated asset objects reloaded= 1
========================================================================
Received Import Request.
  Time of request: 2026-09-15T17:26:11.21911Z
  Time since last request: 409.02292325000002 seconds.
  importAddress: GUID: dfc431157acc240f0981627ebf8c8ac4 - Path: Assets/Shaders/WaterMaterial.mat - Importer: PreviewImporter
Importing 'GUID: dfc431157acc240f0981627ebf8c8ac4 - Path: Assets/Shaders/WaterMaterial.mat - Importer: PreviewImporter' with importer (PreviewImporter)
Imported 'GUID: dfc431157acc240f0981627ebf8c8ac4' -> (Import Result ID: '1d1823bebefc9fb59e4e113856dbb96c') in 0.196 seconds [static and dynamic dependencies]. Details - ImportResultOutputID=ff7d8c571d7be3dd2ec4e993430bd98e DependenciesID=8bacb63a5943dccc985826e4738ec847 StaticDependenciesID=082e9d437634f24df7d8f45360e21250 
Number of updated asset objects reloaded before import = 0
Number of asset objects unloaded after import = 1
========================================================================
Received Import Request.
  Time of request: 2026-09-15T17:26:44.976396Z
  Time since last request: 33.555185667 seconds.
  importAddress: GUID: 2bcd2660ca9b64942af0de543d8d7100 - Path: Assets/Settings/InputSystem_Actions.inputactions - Importer: PreviewImporter
Importing 'GUID: 2bcd2660ca9b64942af0de543d8d7100 - Path: Assets/Settings/InputSystem_Actions.inputactions - Importer: PreviewImporter' with importer (PreviewImporter)
Imported 'GUID: 2bcd2660ca9b64942af0de543d8d7100' -> (Import Result ID: '0650a8d0f83faff230efe731edca508b') in 0.001 seconds [static and dynamic dependencies]. Details - ImportResultOutputID=fbcb8ab420bbc1c44e477cac3c5525a4 DependenciesID=4254408ebe59bcef74d1b1ed9b4bf4ec StaticDependenciesID=5f36c006c101c759742de9606b0099d0 
Number of updated asset objects reloaded before import = 0
Number of asset objects unloaded after import = 20
========================================================================
Received Import Request.
  Time of request: 2026-09-15T17:26:44.989703Z
  Time since last request: 0.005804458 seconds.
  importAddress: GUID: 424799608f7334c24bf367e4bbfa7f9a - Path: Assets/Settings/Renderer2D.asset - Importer: PreviewImporter
Importing 'GUID: 424799608f7334c24bf367e4bbfa7f9a - Path: Assets/Settings/Renderer2D.asset - Importer: PreviewImporter' with importer (PreviewImporter)
Imported 'GUID: 424799608f7334c24bf367e4bbfa7f9a' -> (Import Result ID: 'fe34666ad6b7db4974e8a8f8ff9a2474') in 0.000 seconds [static and dynamic dependencies]. Details - ImportResultOutputID=a354d78425d3563a9dd3d3baba4d78f5 DependenciesID=839c45690c9b95b801473d6b5ff6a2d5 StaticDependenciesID=84e5314c6a403450097c16da63dec1d9 
Number of updated asset objects reloaded before import = 0
Number of asset objects unloaded after import = 0
========================================================================
Received Import Request.
  Time of request: 2026-09-15T17:26:44.996694Z
  Time since last request: 0.000506334 seconds.
  importAddress: GUID: 93b439a37f63240aca3dd4e01d978a9f - Path: Assets/Settings/UniversalRenderPipelineGlobalSettings.asset - Importer: PreviewImporter
Importing 'GUID: 93b439a37f63240aca3dd4e01d978a9f - Path: Assets/Settings/UniversalRenderPipelineGlobalSettings.asset - Importer: PreviewImporter' with importer (PreviewImporter)
Imported 'GUID: 93b439a37f63240aca3dd4e01d978a9f' -> (Import Result ID: 'e31737f49accf71a56ffd5dda27204fa') in 0.000 seconds [static and dynamic dependencies]. Details - ImportResultOutputID=c17a5a6e8c9e5f62e33c6f7a5b809acd DependenciesID=ecdfb8ecaae5429e20f552c43986c493 StaticDependenciesID=388abae03d310f248311a7a4b094521b 
Number of updated asset objects reloaded before import = 0
Number of asset objects unloaded after import = 0
========================================================================
Received Import Request.
  Time of request: 2026-09-15T17:26:45.00361Z
  Time since last request: 0.000218333 seconds.
  importAddress: GUID: 681886c5eb7344803b6206f758bf0b1c - Path: Assets/Settings/UniversalRP.asset - Importer: PreviewImporter
Importing 'GUID: 681886c5eb7344803b6206f758bf0b1c - Path: Assets/Settings/UniversalRP.asset - Importer: PreviewImporter' with importer (PreviewImporter)
Imported 'GUID: 681886c5eb7344803b6206f758bf0b1c' -> (Import Result ID: 'b8ab579c67f6e00cb4dbde9dcaaa5f3d') in 0.000 seconds [static and dynamic dependencies]. Details - ImportResultOutputID=856a9cfd71ed7641d2f9249e6efc662a DependenciesID=6945171f991357aa58ce9b0c253db6f5 StaticDependenciesID=b417d124c192f3baf92516a6b0c87e08 
Number of updated asset objects reloaded before import = 0
Number of asset objects unloaded after import = 0
========================================================================
Received Prepare
AcceleratorClientConnectionCallback - disconnected - :0
WARNING: Shader Unsupported: 'Universal Render Pipeline/VR/SpatialMapping/Wireframe' - All subshaders removed
WARNING: Shader Did you use #pragma only_renderers and omit this platform?
WARNING: Shader If subshaders removal was intentional, you may have forgotten turning Fallback off?
Shader Hidden/ChartRasterizerHardware is not supported: GPU does not support conservative rasterization
Unloading 80 Unused Serialized files (Serialized files now loaded: 0)
Unloading 80 unused Assets / (5.9 MB). Loaded Objects now: 8222.
Memory consumption went from 187.5 MB to 181.6 MB.
Total: 6.310083 ms (FindLiveObjects: 0.194083 ms CreateObjectMapping: 0.373958 ms MarkObjects: 4.300167 ms  DeleteObjects: 1.441417 ms)

Prepare: number of updated asset objects reloaded= 1
========================================================================
Received Prepare
AcceleratorClientConnectionCallback - disconnected - :0
WARNING: Shader Unsupported: 'Universal Render Pipeline/VR/SpatialMapping/Wireframe' - All subshaders removed
WARNING: Shader Did you use #pragma only_renderers and omit this platform?
WARNING: Shader If subshaders removal was intentional, you may have forgotten turning Fallback off?
Shader Hidden/ChartRasterizerHardware is not supported: GPU does not support conservative rasterization
Unloading 80 Unused Serialized files (Serialized files now loaded: 0)
Unloading 80 unused Assets / (5.9 MB). Loaded Objects now: 8222.
Memory consumption went from 187.5 MB to 181.5 MB.
Total: 6.904458 ms (FindLiveObjects: 0.198125 ms CreateObjectMapping: 0.451500 ms MarkObjects: 4.903209 ms  DeleteObjects: 1.351375 ms)

Prepare: number of updated asset objects reloaded= 1
========================================================================
Received Prepare
AcceleratorClientConnectionCallback - disconnected - :0
WARNING: Shader Unsupported: 'Universal Render Pipeline/VR/SpatialMapping/Wireframe' - All subshaders removed
WARNING: Shader Did you use #pragma only_renderers and omit this platform?
WARNING: Shader If subshaders removal was intentional, you may have forgotten turning Fallback off?
Shader Hidden/ChartRasterizerHardware is not supported: GPU does not support conservative rasterization
Unloading 80 Unused Serialized files (Serialized files now loaded: 0)
Unloading 80 unused Assets / (5.9 MB). Loaded Objects now: 8222.
Memory consumption went from 187.5 MB to 181.5 MB.
Total: 6.560792 ms (FindLiveObjects: 0.219042 ms CreateObjectMapping: 0.491375 ms MarkObjects: 4.383375 ms  DeleteObjects: 1.466666 ms)

Prepare: number of updated asset objects reloaded= 1
========================================================================
Received Prepare
AcceleratorClientConnectionCallback - disconnected - :0
WARNING: Shader Unsupported: 'Universal Render Pipeline/VR/SpatialMapping/Wireframe' - All subshaders removed
WARNING: Shader Did you use #pragma only_renderers and omit this platform?
WARNING: Shader If subshaders removal was intentional, you may have forgotten turning Fallback off?
Shader Hidden/ChartRasterizerHardware is not supported: GPU does not support conservative rasterization
Unloading 80 Unused Serialized files (Serialized files now loaded: 0)
Unloading 7206 unused Assets / (11.7 MB). Loaded Objects now: 8222.
Memory consumption went from 191.5 MB to 179.8 MB.
Total: 11.206459 ms (FindLiveObjects: 0.364083 ms CreateObjectMapping: 1.284750 ms MarkObjects: 4.756500 ms  DeleteObjects: 4.800583 ms)

Prepare: number of updated asset objects reloaded= 0
========================================================================
Received Import Request.
  Time of request: 2026-09-15T18:10:27.916542Z
  Time since last request: 2622.8939372079999 seconds.
  importAddress: GUID: e172e416c148548c4879a6f306def269 - Path: Assets/Scripts/WaterTriggerHandler.cs - Importer: ScriptedImporter/UnityEditor.QuickSearchModule:UnityEditor.Search:ASIAI0B
Importing 'GUID: e172e416c148548c4879a6f306def269 - Path: Assets/Scripts/WaterTriggerHandler.cs - Importer: ScriptedImporter/UnityEditor.QuickSearchModule:UnityEditor.Search:ASIAI0B' with importer (ScriptedImporter : UnityEditor.QuickSearchModule:UnityEditor.Search:ASIAI0B)
Imported 'GUID: e172e416c148548c4879a6f306def269' -> (Import Result ID: 'a9307a7dd8806e123ea640c3a656c30a') in 0.028 seconds [static and dynamic dependencies]. Details - ImportResultOutputID=d8d0fc07e809a6e530ff5e972a46e37b DependenciesID=f6b8f3b29a683a1d458a1f687d03cd8c StaticDependenciesID=027ad6ed967c6f644a0537c74bdf5275 
Number of updated asset objects reloaded before import = 0
Number of asset objects unloaded after import = 0
========================================================================
Received Prepare
AcceleratorClientConnectionCallback - disconnected - :0
WARNING: Shader Unsupported: 'Universal Render Pipeline/VR/SpatialMapping/Wireframe' - All subshaders removed
WARNING: Shader Did you use #pragma only_renderers and omit this platform?
WARNING: Shader If subshaders removal was intentional, you may have forgotten turning Fallback off?
Shader Hidden/ChartRasterizerHardware is not supported: GPU does not support conservative rasterization
Unloading 80 Unused Serialized files (Serialized files now loaded: 0)
Unloading 7206 unused Assets / (8.6 MB). Loaded Objects now: 8222.
Memory consumption went from 191.6 MB to 182.9 MB.
Total: 10.314167 ms (FindLiveObjects: 0.357959 ms CreateObjectMapping: 1.339375 ms MarkObjects: 5.009625 ms  DeleteObjects: 3.606709 ms)

Prepare: number of updated asset objects reloaded= 0
========================================================================
Received Prepare
AcceleratorClientConnectionCallback - disconnected - :0
WARNING: Shader Unsupported: 'Universal Render Pipeline/VR/SpatialMapping/Wireframe' - All subshaders removed
WARNING: Shader Did you use #pragma only_renderers and omit this platform?
WARNING: Shader If subshaders removal was intentional, you may have forgotten turning Fallback off?
Shader Hidden/ChartRasterizerHardware is not supported: GPU does not support conservative rasterization
Unloading 80 Unused Serialized files (Serialized files now loaded: 0)
Unloading 7206 unused Assets / (10.0 MB). Loaded Objects now: 8222.
Memory consumption went from 191.5 MB to 181.6 MB.
Total: 10.829792 ms (FindLiveObjects: 0.349416 ms CreateObjectMapping: 1.326959 ms MarkObjects: 5.229709 ms  DeleteObjects: 3.923333 ms)

Prepare: number of updated asset objects reloaded= 0
========================================================================
Received Prepare
AcceleratorClientConnectionCallback - disconnected - :0
WARNING: Shader Unsupported: 'Universal Render Pipeline/VR/SpatialMapping/Wireframe' - All subshaders removed
WARNING: Shader Did you use #pragma only_renderers and omit this platform?
WARNING: Shader If subshaders removal was intentional, you may have forgotten turning Fallback off?
Shader Hidden/ChartRasterizerHardware is not supported: GPU does not support conservative rasterization
Unloading 80 Unused Serialized files (Serialized files now loaded: 0)
Unloading 7206 unused Assets / (9.1 MB). Loaded Objects now: 8222.
Memory consumption went from 191.6 MB to 182.4 MB.
Total: 10.558708 ms (FindLiveObjects: 0.357625 ms CreateObjectMapping: 1.274375 ms MarkObjects: 5.091417 ms  DeleteObjects: 3.834958 ms)

Prepare: number of updated asset objects reloaded= 0
========================================================================
Received Prepare
AcceleratorClientConnectionCallback - disconnected - :0
[Licensing::Client] Successfully resolved entitlement details
Begin MonoManager ReloadAssembly
Thread 0x310293000 may have been prematurely finalized
Native extension for OSXStandalone target not found
[Package Manager] Failed to launch server process. Reason: Unity was launched with the -noUpm command-line argument
[Package Manager] Unable to send message (not connected to server process).
[Package Manager] Cannot connect to Unity Package Manager local server
[Package Manager] Failed to launch server process. Reason: Unity was launched with the -noUpm command-line argument
[Package Manager] Unable to send message (not connected to server process).
[Package Manager] Cannot connect to Unity Package Manager local server
ScheduleIndexationOnStartup MainProcess:False IndexOnStartup:True
Mono: successfully reloaded assembly
- Finished resetting the current domain, in  0.457 seconds
Domain Reload Profiling: 901ms
	BeginReloadAssembly (120ms)
		DisableScriptedObjects (12ms)
		CreateAndSetChildDomain (41ms)
	RebuildCommonClasses (5ms)
	RebuildNativeTypeToScriptingClass (9ms)
	initialDomainReloadingComplete (20ms)
	LoadAllAssembliesAndSetupDomain (289ms)
		LoadAssemblies (135ms)
		AnalyzeDomain (117ms)
			TypeCache.Refresh (7ms)
			BuildScriptInfoCaches (105ms)
			ResolveRequiredComponents (4ms)
	FinalizeReload (458ms)
		SetupLoadedEditorAssemblies (0ms)
			BeforeProcessingInitializeOnLoad (50ms)
			ProcessInitializeOnLoadAttributes (221ms)
			ProcessInitializeOnLoadMethodAttributes (62ms)
		AwakeInstancesAfterBackupRestoration (10ms)
WARNING: Shader Unsupported: 'Universal Render Pipeline/VR/SpatialMapping/Wireframe' - All subshaders removed
WARNING: Shader Did you use #pragma only_renderers and omit this platform?
WARNING: Shader If subshaders removal was intentional, you may have forgotten turning Fallback off?
Shader Hidden/ChartRasterizerHardware is not supported: GPU does not support conservative rasterization
Unloading 80 Unused Serialized files (Serialized files now loaded: 0)
Unloading 7221 unused Assets / (12.5 MB). Loaded Objects now: 8152.
Memory consumption went from 202.0 MB to 189.5 MB.
Total: 10.258833 ms (FindLiveObjects: 0.349917 ms CreateObjectMapping: 1.312417 ms MarkObjects: 4.360666 ms  DeleteObjects: 4.235542 ms)

Prepare: number of updated asset objects reloaded= 0
========================================================================
Received Prepare
AcceleratorClientConnectionCallback - disconnected - :0
WARNING: Shader Unsupported: 'Universal Render Pipeline/VR/SpatialMapping/Wireframe' - All subshaders removed
WARNING: Shader Did you use #pragma only_renderers and omit this platform?
WARNING: Shader If subshaders removal was intentional, you may have forgotten turning Fallback off?
Shader Hidden/ChartRasterizerHardware is not supported: GPU does not support conservative rasterization
Unloading 80 Unused Serialized files (Serialized files now loaded: 0)
Unloading 80 unused Assets / (5.9 MB). Loaded Objects now: 8152.
Memory consumption went from 186.9 MB to 181.0 MB.
Total: 5.820333 ms (FindLiveObjects: 0.192792 ms CreateObjectMapping: 0.445667 ms MarkObjects: 3.867166 ms  DeleteObjects: 1.314333 ms)

Prepare: number of updated asset objects reloaded= 1
========================================================================
Received Prepare
AcceleratorClientConnectionCallback - disconnected - :0
WARNING: Shader Unsupported: 'Universal Render Pipeline/VR/SpatialMapping/Wireframe' - All subshaders removed
WARNING: Shader Did you use #pragma only_renderers and omit this platform?
WARNING: Shader If subshaders removal was intentional, you may have forgotten turning Fallback off?
Shader Hidden/ChartRasterizerHardware is not supported: GPU does not support conservative rasterization
Unloading 80 Unused Serialized files (Serialized files now loaded: 0)
Unloading 80 unused Assets / (5.9 MB). Loaded Objects now: 8152.
Memory consumption went from 186.9 MB to 181.0 MB.
Total: 6.074208 ms (FindLiveObjects: 0.200084 ms CreateObjectMapping: 0.444791 ms MarkObjects: 4.051875 ms  DeleteObjects: 1.377167 ms)

Prepare: number of updated asset objects reloaded= 1
========================================================================
Received Prepare
AcceleratorClientConnectionCallback - disconnected - :0
WARNING: Shader Unsupported: 'Universal Render Pipeline/VR/SpatialMapping/Wireframe' - All subshaders removed
WARNING: Shader Did you use #pragma only_renderers and omit this platform?
WARNING: Shader If subshaders removal was intentional, you may have forgotten turning Fallback off?
Shader Hidden/ChartRasterizerHardware is not supported: GPU does not support conservative rasterization
Unloading 80 Unused Serialized files (Serialized files now loaded: 0)
Unloading 80 unused Assets / (5.9 MB). Loaded Objects now: 8152.
Memory consumption went from 187.0 MB to 181.0 MB.
Total: 6.138125 ms (FindLiveObjects: 0.182917 ms CreateObjectMapping: 0.483666 ms MarkObjects: 4.127917 ms  DeleteObjects: 1.343208 ms)

Prepare: number of updated asset objects reloaded= 0
========================================================================
Received Prepare
AcceleratorClientConnectionCallback - disconnected - :0
WARNING: Shader Unsupported: 'Universal Render Pipeline/VR/SpatialMapping/Wireframe' - All subshaders removed
WARNING: Shader Did you use #pragma only_renderers and omit this platform?
WARNING: Shader If subshaders removal was intentional, you may have forgotten turning Fallback off?
Shader Hidden/ChartRasterizerHardware is not supported: GPU does not support conservative rasterization
Unloading 80 Unused Serialized files (Serialized files now loaded: 0)
Unloading 80 unused Assets / (5.9 MB). Loaded Objects now: 8152.
Memory consumption went from 186.9 MB to 181.0 MB.
Total: 6.484959 ms (FindLiveObjects: 0.191667 ms CreateObjectMapping: 0.447208 ms MarkObjects: 4.507833 ms  DeleteObjects: 1.337709 ms)

Prepare: number of updated asset objects reloaded= 0
